e;4455;'chien';1;
e;16747;'adn';1;
e;34898;'pied';1;
e;144846;'tête';1;
e;19356;'sexe';1;
e;140715;'jambes';1;
e;26363;'bras';1;
e;107477;'nez';1;
e;116980;'squelette';1;
e;139779;'ADN';1;
e;74846;'corps';1;
e;225934;'oeil>330323';1;194;'oeil>organe de la vue'
e;142086;'jambe';1;
e;95422;'cou';1;
e;566989;'spinone';777;
e;65430;'rataplan';1;
e;2559267;'tervuren';1;
e;2403563;'longdog';1;
e;5893843;'Cockapoo';777;
e;41788;'Tenerife';1;
e;18773;'Barry';1;
e;153567;'Khéops';1;
e;5893392;'puggle';777;
e;5974269;'Shar-peï';777;
e;2433216;'sharpeï';1;
e;8344100;'danois>4455';1;0;'danois>chien'
e;422648;'collie';1;
e;2485348;'hokkaïdo';1;
e;277403;'chin';777;
e;2497955;'Aïnou';1;
e;11575123;'Huan';1;
e;130099;'Gai-Luron';1;
e;5893649;'Bluey';777;
e;12662015;'Snuppy';777;
e;415671;'Fortuné';1;
e;213207;'Nemo';666;
e;2553231;'herbaud';1;
e;2628852;'pumi>4455';1;0;'pumi>chien'
e;148924;'lillois';1;
e;2570695;'charnègre';1;
e;2529131;'charnigue';1;
e;2421716;'charnique';1;
e;3854559;'slougi';1;
e;422649;'tervueren';1;
e;1732070;'appenzeller>190879';1;0;'appenzeller>race de chien'
e;3704539;'bernois>4455';1;0;'bernois>chien'
e;1001;'chanfrein';1;
e;159898;'garot';1;
e;3723;'épaule';1;
e;113278;'poitrail';1;
e;65257;'croupe';1;
e;10339;'poignet';1;
e;12566;'mamelle';1;
e;60384;'jarret';1;
e;270443;'porcelaine>4455';1;50;'porcelaine>chien'
e;2561069;'Sealyham-terrier';1;
e;3672011;'whippet>4455';1;0;'whippet>chien'
e;144950;'revolver';1;
e;23332;'encolure';1;
e;229763;'Garm';1;
e;283697;'Garmr';777;
e;126687;'fesse';1;
e;64313;'abdomen';1;
e;46889;'poitrine';1;
e;6603;'nuque';1;
e;110993;'front';1;
e;237765;'patte>141795';1;56;'patte>membre'
e;25891;'genou';1;
e;73888;'fouet';1;
e;390927;'tête>112609';1;72;'tête>anatomie'
e;77424;'oeil';1;
e;139578;'muscle';1;
e;109785;'peau';1;
e;117584;'garrot';1;
e;2398055;'pudel';1;
e;396149;'cynodonte';1;
e;141206;'morgue';1;
e;58876;'cuisse';1;
e;36886;'faune';1;
e;213792;'coeur>213791';1;174;'coeur>organe musculaire'
e;396042;'tétrapode>86640';1;50;'tétrapode>vertébré'
e;143334;'Mammifères';1;
e;233138;'tête>390963';1;70;'tête>extrémité supérieure du corps'
e;32735;'poumons';1;
e;1552597;'samoyède>4455';1;0;'samoyède>chien'
e;246992;'aboyer>4455';1;50;'aboyer>chien'
e;108463;'ventre';1;
e;71026;'flanc';1;
e;101938;'estomac';1;
e;219363;'corps>112609';1;180;'corps>anatomie'
e;240720;'squelette>112609';1;148;'squelette>anatomie'
e;87292;'cubitus';1;
e;6952;'puanteur';1;
e;245703;'ami>65434';1;88;'ami>copain'
e;265176;'ichthyologie';1;
e;175647;'Ichthyologie';1;
e;69646;'révolver';1;
e;39865;'gâchette';1;
e;139459;'six';1;
e;213542;'pêche>213541';1;118;'pêche>action de pêcher'
e;88493;'fumier';1;
e;322663;'pauvre>26650';1;52;'pauvre>méprisable'
e;243968;'infidèle>73890';1;56;'infidèle>religion'
e;58170;'hauteur';1;
e;140209;'mépris';1;
e;218759;'tonneau>89164';1;64;'tonneau>barrique'
e;3323167;'Diogène>68439';1;2;'Diogène>individu'
e;106196;'infidèle';1;
e;123598;'arrogance';1;
e;72044;'tonneau';1;
e;50825;'pouilleux';1;
e;214714;'ordure>6227';1;54;'ordure>salaud'
e;62770;'SDF';1;
e;580841;'molosse>171870';1;0;
e;241352;'ventre>112609';1;94;'ventre>anatomie'
e;126388;'articulation';1;
e;113499;'Kador';1;
e;1731803;'appenzeller';1;
e;237782;'domestique>88269';1;68;'domestique>apprivoisé'
e;217780;'niche>4455';1;8;'niche>chien'
e;146105;'mer';1;
e;2464206;'quadripède';1;
e;83944;'nerf';1;
e;39696;'fourreau';1;
e;25835;'grasset';1;
e;16110;'bouche';1;
e;2680;'sang';1;
e;77938;'flair';1;
e;63026;'vertèbres';1;
e;125745;'coussinet';1;
e;214988;'langue>213791';1;236;'langue>organe musculaire'
e;25741;'golden';1;
e;1877291;'pointer>4455';1;0;'pointer>chien'
e;145772;'carabine';1;
e;115155;'foie';1;
e;96211;'coeur';1;
e;174214;'ulna';1;
e;3169827;'laisse>8595';1;10;'laisse>corde'
e;191506;'rottweiler';1;
e;102446;'chow-chow';1;
e;75755;'limier';1;
e;33298;'lice';1;
e;105041;'narine';1;
e;152290;'machoire';1;
e;242310;'croc>60902';1;14;'croc>dent'
e;135631;'crin';1;
e;86561;'crâne';1;
e;142563;'monde';1;
e;52611;'zoo';1;
e;1636805;'oeil>44335';1;50;'oeil>organe'
e;119037;'ladre';1;
e;39497;'cabéru';1;
e;102778;'élégance';1;
e;13907;'radin';1;
e;265226;'thérien';1;
e;252659;'meute>25141';1;50;'meute>chasse à courre'
e;103416;'euthérien';1;
e;44160;'branchie';1;
e;1746585;'rat>171869';1;0;
e;591666;'radin>171870';1;0;
e;591667;'radin>171869';1;0;
e;3538;'saint-bernard';1;
e;15096;'griffon';1;
e;95232;'bichon';1;
e;145171;'terre-neuve';1;
e;217559;'Laïka';1;
e;157887;'idéfix';1;
e;106252;'crinière';1;
e;149413;'organes';1;
e;154115;'naseaux';1;
e;41664;'pataud';1;
e;93941;'esclave';1;
e;145500;'allure';1;
e;7978;'lamie';1;
e;45543;'fidélité';1;
e;79972;'Brutus';1;
e;2538325;'bronchies';1;
e;230297;'coussinet>8990';1;10;'coussinet>patte'
e;122555;'artères';1;
e;1706488;'classe>171869';1;0;
e;673224;'chiche>171869';1;0;
e;580679;'clabaud>171870';1;0;
e;580680;'clabaud>171869';1;0;
e;161628;'croquettes';1;
e;191461;'husky';1;
e;23038;'braque';1;
e;21017;'clebs';1;
e;52445;'sauveteur';1;
e;106562;'thorax';1;
e;22758;'règne';1;
e;25705;'terre';1;
e;128791;'piment';1;
e;127523;'otocyon';1;
e;61586;'coriace';1;
e;61208;'valet';1;
e;50762;'pingre';1;
e;84162;'puis';1;
e;139680;'chabot';1;
e;241862;'oreille>117095';1;50;'oreille>zoologie'
e;81934;'main';1;
e;213766;'pistolet>105884';1;92;'pistolet>arme à feu'
e;597089;'chic>171869';1;0;
e;596486;'chienne>171870';1;0;
e;591135;'canin>171869';1;0;
e;72731;'dur';1;
e;148387;'griffes';1;
e;139507;'beagle';1;
e;138092;'pelage';1;
e;39801;'ratier';1;
e;74726;'dingo';1;
e;90273;'iris';1;
e;225756;'dos>112609';1;82;'dos>anatomie'
e;240590;'arête>68467';1;18;'arête>poisson'
e;228289;'sexe>218086';1;266;'sexe>organe sexuel'
e;221019;'bouche>112609';1;206;'bouche>anatomie'
e;270002;'magnum>105884';1;50;'magnum>arme à feu'
e;4061057;'sexappeal';1;
e;608384;'esclave>171869';1;0;
e;594228;'caniche>171870';1;0;
e;594309;'cabot>171870';1;0;
e;452778;'terrier>171870';1;50;
e;591134;'canin>171870';1;0;
e;34503;'pénis';1;
e;113902;'alimentation';1;
e;16033;'cuisine';1;
e;2045;'uriner';1;
e;125556;'remuer';1;
e;39896;'montrer';1;
e;43253;'dormir';1;
e;119520;'chier';1;
e;119162;'battre';1;
e;68979;'ronger';1;
e;129264;'creuser';1;
e;24646;'attraper';1;
e;47540;'miauler';1;
e;112239;'pondre';1;
e;14338;'attaquer';1;
e;8924;'psychologie';1;
e;141981;'mâtin';1;
e;222409;'chienne>17559';1;22;'chienne>animal'
e;87687;'chenil';1;
e;213341;'loup>45661';1;328;'loup>canidé'
e;81191;'lécher';1;
e;147818;'dog';1;
e;44204;'yorkshire';1;
e;59882;'dobermann';1;
e;81078;'cocker';1;
e;215758;'gueule>215755';1;14;'gueule>bouche animale'
e;30678;'briquet';1;
e;117789;'moustache';1;
e;130812;'ARN';1;
e;139892;'Terre';1;
e;69835;'grigou';1;
e;143935;'avare';1;
e;261225;'pattes>248747';1;56;'pattes>membres inférieurs'
e;317281;'sélachimorphe';1;
e;222596;'mâchoire>30843';1;50;'mâchoire>outil'
e;66280;'métallique';1;
e;110352;'vessie';1;
e;2353454;'mâtin>171869';1;0;
e;600076;'gardien>171870';1;0;
e;594229;'caniche>171869';1;0;
e;590108;'ladre>171869';1;0;
e;91657;'nutrition';1;
e;49127;'cerbère';1;
e;342;'cador';1;
e;95935;'rage';1;
e;87947;'écuelle';1;
e;39031;'cerveau';1;
e;315894;'enragé>130400';1;50;'enragé>maladie'
e;391583;'caniforme';1;
e;138505;'Chien';1;
e;141949;'côte';1;
e;103057;'cellule';1;
e;89435;'chic';1;
e;75123;'rapiat';1;
e;58120;'pattu';1;
e;37285;'clabaud';1;
e;101083;'policier';1;
e;103080;'gardien';1;
e;142848;'impitoyable';1;
e;233450;'crâne>144846';1;60;'crâne>tête'
e;145624;'pêche';1;
e;87971;'tonnelier';1;
e;15117;'cartouche';1;
e;136028;'grossier';1;
e;594310;'cabot>171869';1;0;
e;590107;'ladre>171870';1;0;
e;1746584;'rat>171870';1;0;
e;578923;'rapiat>171869';1;0;
e;594555;'canaille>171870';1;0;
e;596487;'chienne>171869';1;0;
e;580790;'ratier>171870';1;0;
e;587899;'pataud>171870';1;0;
e;56280;'oreille';1;
e;147161;'crocs';1;
e;98899;'babine';1;
e;128535;'japper';1;
e;213899;'rage>130400';1;64;'rage>maladie'
e;1125;'loup';1;
e;58404;'canine';1;
e;214300;'truffe>107477';1;10;'truffe>nez'
e;109924;'épagneul';1;
e;41242;'beauceron';1;
e;99402;'serre-joint';1;
e;172455;'kleps';1;
e;153253;'Astronomie';1;
e;152125;'Zoologie';1;
e;145953;'visage';1;
e;123350;'sabot';1;
e;45844;'veine';1;
e;110160;'robe';1;
e;45738;'vibrisse';1;
e;135652;'viscères';1;
e;72657;'reins';1;
e;20713;'planète';1;
e;146331;'ruche';1;
e;90832;'biosphère';1;
e;770;'vautre';1;
e;88652;'canaille';1;
e;82766;'chiche';1;
e;9733;'larbin';1;
e;3179226;'cabot>68467';1;0;'cabot>poisson'
e;145569;'gorge';1;
e;4865;'portée';1;
e;215965;'dégoût>35833';1;98;'dégoût>répulsion'
e;11088;'requins';1;
e;76784;'pistolet';1;
e;222410;'chienne>15397';1;10;'chienne>salope'
e;123584;'magnum';1;
e;146193;'offense';1;
e;1825099;'policier>171869';1;0;
e;597745;'montant>171869';1;0;
e;597088;'chic>171870';1;0;
e;452779;'terrier>171869';1;50;
e;81090;'fusil';1;
e;120683;'hargneux';1;
e;247510;'aboiement>4455';1;54;'aboiement>chien'
e;216283;'dent>45311';1;272;'dent>dentaire'
e;122544;'hanche';1;
e;29028;'pitbull';1;
e;233825;'terrier>4455';1;6;'terrier>chien'
e;268442;'race>35143';1;62;'race>biologie'
e;115352;'griffe';1;
e;329657;'choano-organisme';1;
e;72499;'rétine';1;
e;45635;'rein';1;
e;109638;'fourrure';1;
e;149223;'moustaches';1;
e;142381;'barre';1;
e;43564;'cyon';1;
e;41476;'meute';1;
e;222595;'mâchoire>112609';1;52;'mâchoire>anatomie'
e;120791;'électron';1;
e;50751;'ouïe';1;
e;152946;'arêtes';1;
e;152941;'gachette';1;
e;42774;'armement';1;
e;1072;'querelle';1;
e;2377439;'bitch';1;
e;92847;'cochon';1;
e;71135;'porc';1;
e;31841;'comparer';1;
e;37117;'intimider';1;
e;597785;'avare>171869';1;0;
e;1825098;'policier>146885';1;0;
e;45179;'maison';1;
e;673222;'chiche>171870';1;0;
e;594556;'canaille>171869';1;0;
e;580791;'ratier>171869';1;0;
e;587900;'pataud>171869';1;0;
e;590547;'pingre>171869';1;0;
e;61407;'coiffure';1;
e;20299;'armes';1;
e;15244;'distinction';1;
e;32851;'mammifères';1;
e;77389;'avarice';1;
e;228452;'chiennes';1;
e;83881;'pâtée';1;
e;126285;'dos';1;
e;69935;'doberman';1;
e;95076;'chihuahua';1;
e;99434;'carlin';1;
e;13115;'mâchoire';1;
e;220908;'gamelle>89628';1;54;'gamelle>récipient'
e;237445;'être>68439';1;32;'être>individu'
e;16644;'astronomie';1;
e;103791;'poumon';1;
e;61835;'chair';1;
e;64354;'mamelles';1;
e;103906;'humanité';1;
e;34460;'synapsides';1;
e;243586;'Gromit';1;
e;231830;'Lassie';1;
e;142623;'classe';1;
e;63036;'montant';1;
e;15059;'attrait';1;
e;71134;'appas';1;
e;143030;'lycaon';1;
e;37337;'laquais';1;
e;187110;'ouaf';1;
e;121804;'charmes';1;
e;114984;'branchies';1;
e;2353453;'mâtin>146885';1;0;
e;1706487;'classe>171870';1;0;
e;597784;'avare>171870';1;0;
e;600077;'gardien>171869';1;0;
e;597744;'montant>171870';1;0;
e;578922;'rapiat>171870';1;0;
e;608383;'esclave>171870';1;0;
e;590546;'pingre>171870';1;0;
e;239950;'mordre>135544';1;72;'mordre>morsure'
e;70261;'corniaud';1;
e;214358;'Rintintin';666;
e;213644;'os>116980';1;392;'os>squelette'
e;21930;'pis';1;
e;22243;'pays';1;
e;46164;'carnivores';1;
e;2510849;'patu';1;
e;50472;'promenade';1;
e;60448;'mâle';1;
e;106404;'ichtyologie';1;
e;62231;'percuteur';1;
e;55222;'petit';1;
e;74860;'homme';1;
e;141440;'police';1;
e;145295;'mouton';1;
e;824;'réclamer';1;
e;34970;'attaque';1;
e;228755;'berger>4455';1;2;'berger>chien'
e;59264;'enragé';1;
e;135544;'morsure';1;
e;48855;'carnivore';1;
e;213889;'fusil>105884';1;124;'fusil>arme à feu'
e;219597;'museau>17559';1;8;'museau>animal'
e;71034;'baver';1;
e;65922;'chalut';1;
e;52839;'dénigré';1;
e;123111;'muselière';1;
e;104695;'croquette';1;
e;39101;'bête';1;
e;36621;'docile';1;
e;320826;'bâtard>17559';1;50;'bâtard>animal'
e;110823;'clébard';1;
e;96227;'roquet';1;
e;330964;'cordé>117095';1;36;'cordé>zoologie'
e;760;'Canidés';1;
e;29904;'accuser';1;
e;87332;'expression';1;
e;84332;'intimidation';1;
e;33668;'déloyal';1;
e;61490;'femme';1;
e;228451;'chiots';1;
e;147012;'chiens';1;
e;147184;'dents';1;
e;92378;'habillement';1;
e;35143;'biologie';1;
e;63309;'rat';1;
e;139800;'Cerbère';1;
e;108750;'poissons';1;
e;135674;'squale';1;
e;215135;'griffe>141705';1;54;'griffe>ongle'
e;27863;'percussion';1;
e;85339;'amorce';1;
e;80315;'armé';1;
e;213678;'puce>213676';1;28;'puce>insecte parasite'
e;101018;'gnathostome';1;
e;13369;'être';1;
e;96851;'pièce';1;
e;225847;'organisme>71624';1;92;'organisme>être vivant'
e;145948;'arme';1;
e;127024;'aboiement';1;
e;17936;'terrier';1;
e;11567;'taxonomie';1;
e;218940;'poisson>17559';1;576;'poisson>animal'
e;54643;'dénigrer';1;
e;57835;'affect';1;
e;110773;'amniote';1;
e;91794;'tétrapode';1;
e;143669;'vertébrés';1;
e;152380;'cartes';1;
e;84431;'atout';1;
e;229799;'labrador>4455';1;6;'labrador>chien'
e;17109;'pékinois';1;
e;317214;'carnivore>24679';1;24;'carnivore>taxon'
e;5814;'animalerie';1;
e;135412;'systématique';1;
e;93177;'bassesse';1;
e;27474;'axe';1;
e;89647;'insulter';1;
e;2312;'injuste';1;
e;24196;'sex-appeal';1;
e;52548;'talon';1;
e;13130;'prostitué';1;
e;99419;'exécrable';1;
e;26216;'sévère';1;
e;77337;'dalmatien';1;
e;22519;'teckel';1;
e;12306;'fox-terrier';1;
e;88843;'bouledogue';1;
e;215834;'carte>87729';1;80;'carte>jeu de cartes'
e;53314;'jeu';1;
e;13423;'rude';1;
e;216606;'boxer>4455';1;50;'boxer>chien'
e;73126;'requin';1;
e;28227;'barzoï';1;
e;191420;'cursinu';1;
e;191443;'eurasier';1;
e;191509;'saluki';1;
e;78847;'poitevin';1;
e;156371;'mamifère';1;
e;131071;'barbet';1;
e;392487;'mâtin>83681';1;50;'mâtin>chien de garde'
e;51114;'Pif';1;
e;13701;'technique';1;
e;68467;'poisson';1;
e;104516;'bulldog';1;
e;51977;'danois';1;
e;191460;'hovawart';1;
e;191475;'leonberg';1;
e;270456;'carlin>4455';1;50;'carlin>chien'
e;264942;'briquet>190879';1;50;'briquet>race de chien'
e;7341;'houret';1;
e;318656;'basset>4455';1;50;'basset>chien'
e;243587;'Mirza';1;
e;34960;'shetland';1;
e;88428;'bigle';1;
e;213336;'requin>68467';1;118;'requin>poisson'
e;103119;'dénigrement';1;
e;97634;'croc';1;
e;52119;'langue';1;
e;118539;'poils';1;
e;34491;'colley';1;
e;191490;'patou';1;
e;155218;'Idefix';1;
e;118455;'Argos';1;
e;81089;'Pollux';1;
e;139178;'loulou';1;
e;70477;'maître';1;
e;86640;'vertébré';1;
e;151377;'whippet';1;
e;191549;'westie';1;
e;226821;'pumi';1;
e;263414;'braque>4455';1;2;'braque>chien'
e;277609;'Capi';1;
e;196912;'Beauceron';1;
e;32171;'écart';1;
e;141168;'domestique';1;
e;145360;'race';1;
e;11342;'levrette';1;
e;7171;'mastiff';1;
e;90739;'pointer';1;
e;191339;'basenji';1;
e;191387;'bullmastiff';1;
e;191469;'kai';1;
e;191470;'keeshond';1;
e;191510;'samoyede';1;
e;226768;'Snoopy';1;
e;226818;'kuvasz';1;
e;332737;'bouvier>4455';1;50;'bouvier>chien'
e;131196;'carte';1;
e;30843;'outil';1;
e;248081;'chordé';1;
e;147404;'ariégeois';1;
e;67727;'bobtail';1;
e;97490;'bouvier';1;
e;133554;'briard';1;
e;191395;'charplaninatz';1;
e;191474;'landseer';1;
e;191500;'pomeranian';1;
e;191511;'sarplaninac';1;
e;191527;'spitz';1;
e;250350;'pékinois>4455';1;2;'pékinois>chien'
e;320839;'poitevin>190879';1;50;'poitevin>race de chien'
e;172592;'brachet';1;
e;391074;'shetland>4455';1;50;'shetland>chien'
e;253238;'molosse>4455';1;56;'molosse>chien'
e;191257;'émissolle';1;
e;164657;'Pluto';1;
e;191428;'drahthaar';1;
e;226817;'komondor';1;
e;114764;'gamelle';1;
e;40670;'molosse';1;
e;243584;'Droopy';1;
e;82512;'retriever';1;
e;191337;'azawakh';1;
e;153528;'Rantanplan';1;
e;241202;'griffon>4455';1;50;'griffon>chien'
e;226819;'mudi';1;
e;19721;'chienchien';1;
e;140171;'Saint-Bernard';1;
e;36254;'bas-rouge';1;
e;153003;'Idéfix';1;
e;4044;'charme';1;
e;38070;'chien-loup';1;
e;150429;'schnauzer';1;
e;57241;'sloughi';1;
e;191370;'Bouledogue';1;
e;191513;'schipperke';1;
e;226820;'puli';1;
e;243585;'Cubitus';1;
e;155523;'anglo-français';1;
e;145669;'canidés';1;
e;44547;'garde';1;
e;60351;'toutou';1;
e;45269;'bâtard';1;
e;84399;'puce';1;
e;139383;'crotte';1;
e;148830;'labrit';1;
e;75555;'pinscher';1;
e;191486;'nizinni';1;
e;191512;'schapendoes';1;
e;191523;'sheltie';1;
e;145840;'porcelaine';1;
e;230171;'Scooby-Doo';666;
e;35125;'setter';1;
e;139398;'basset';1;
e;215800;'bête>17559';1;98;'bête>animal'
e;115304;'deutérostomien';1;
e;264880;'bilatérien';1;
e;143419;'Bill';1;
e;264881;'crânié';1;
e;265839;'synapside';1;
e;157283;'lieu>134218';1;264;'lieu>endroit'
e;142602;'cordé';1;
e;317929;'olfactorien';1;
e;264908;'eumétazoaire';1;
e;265277;'crâniate';1;
e;54794;'eucaryote';1;
e;325741;'choanobionte';1;
e;113349;'boxer';1;
e;87460;'lévrier';1;
e;3685902;'Sheltie';777;
e;16310;'bave';1;
e;55823;'métazoaire';1;
e;325738;'filozoaire';1;
e;66535;'ami';1;
e;325736;'holozoaire';1;
e;71539;'animaux';1;
e;39072;'dogue';1;
e;140429;'chasse';1;
e;213466;'chat>63235';1;632;'chat>mammifère'
e;325731;'opisthoconte';1;
e;325728;'uniconte';1;
e;112511;'quadrupède';1;
e;265220;'épineurien';1;
e;47073;'compagnon';1;
e;84703;'cabot';1;
e;59678;'compagnie';1;
e;117095;'zoologie';1;
e;131593;'méchant';1;
e;88847;'labrador';1;
e;67093;'collier';1;
e;53403;'émissole';1;
e;233278;'collier>17559';1;52;'collier>animal'
e;143712;'marine';1;
e;159069;'aboie';1;
e;49615;'commerce';1;
e;69844;'dynamisme';1;
e;18412;'élevage';1;
e;76247;'vétérinaire';1;
e;21640;'insulte';1;
e;58686;'fidèle';1;
e;233133;'animal>117095';1;808;'animal>zoologie'
e;4768;'tarot';1;
e;14758;'chiot';1;
e;146556;'berger';1;
e;51470;'canin';1;
e;4653;'courir';1;
e;77727;'gueule';1;
e;64513;'mordre';1;
e;151867;'pattes';1;
e;8990;'patte';1;
e;40545;'truffe';1;
e;106639;'Milou';1;
e;63235;'mammifère';1;
e;95256;'queue';1;
e;135591;'poil';1;
e;141708;'laisse';1;
e;45661;'canidé';1;
e;74558;'os';1;
e;7705;'chienne';1;
e;120842;'niche';1;
e;112357;'caniche';1;
e;90199;'aboyer';1;
e;17559;'animal';1;
e;150;'chat';1;
e;4521231;'chien>24196';1;0;
e;242161;'chien>103119';1;52;'chien>dénigrement'
e;2579453;'chien>99419';1;2;'chien>exécrable'
e;2952624;'chien>13130';1;18;'chien>prostitué'
e;321423;'chien>191257';1;58;'chien>émissolle'
e;321425;'chien>13701';1;50;'chien>technique'
e;321424;'chien>143712';1;50;'chien>marine'
e;216904;'chien>4768';1;6;'chien>tarot'
e;214058;'chien>214057';1;60;'chien>pièce d'
e;214059;'chien>63235';1;628;'chien>mammifère'
e;2404725;'taxionomie';1;
e;39340;'taxinomie';1;
e;4227793;'taxéonomie';1;
e;102206;'médecine';1;
e;175720;'Mammalia';1;
e;39652;'courser';1;
e;140176;'oiseau';1;
e;247024;'félin>17559';1;62;'félin>animal'
e;396146;'thérapside';1;
e;116032;'félin';1;
e;135190;'lieu';1;
e;157284;'lieu>68467';1;58;'lieu>poisson'
e;49293;'humain';1;
e;82231;'félidé';1;
e;213700;'fromage>114637';1;570;'fromage>aliment'
e;175275;'Canidé';1;
e;58768;'organisme';1;
e;157007;'être>146885';1;50;
e;265164;'chondrichthyen';1;
e;150449;'sélacien';1;
e;44525;'sous-espèce';1;
e;1395235;'être>171870';1;0;
e;87789;'coelomate';1;
e;391010;'coelomé';1;
e;391009;'célomate';1;
e;68439;'individu';1;
e;116477;'personne';1;
e;134119;'généreux';1;
e;2478474;'APBT';1;
e;15011147;'Orthros';777;
e;11003076;'chien-bergers';777;
e;2371316;'Rintintin>4455';1;0;'Rintintin>chien'
e;108600;'bergamasque';1;
e;2519216;'karabash';1;
e;2549916;'poodle';1;
e;2550036;'ouertragoï';1;
e;2553242;'kooikerhondje';1;
e;2553269;'löwchen';1;
e;2554925;'heidewachtel';1;
e;2561078;'schillerstövare';1;
e;2570898;'otterhound';1;
e;2496046;'xoloitzcuintle';1;
e;2469279;'chortaï';1;
e;2448200;'salouki';1;
e;2544557;'riesenschnauzer';1;
e;2374875;'amstaff';1;
e;2380412;'ainu-ken';1;
e;2383692;'lundehund';1;
e;2387952;'jämthund';1;
e;2392967;'karwani';1;
e;2406370;'SBT';1;
e;2409203;'samoïedskaïa';1;
e;2410975;'chessie';1;
e;2412895;'scottie';1;
e;2419118;'väsgötaspets';1;
e;2420453;'scottish-terrier';1;
e;2421403;'kangal';1;
e;2422669;'aralza';1;
e;2426696;'rampur';1;
e;2428868;'aïdi';1;
e;2430621;'drever';1;
e;2435435;'stepnoï';1;
e;2438572;'barak';1;
e;2444385;'otterhoun';1;
e;2451502;'newfoundlander';1;
e;2451545;'shikoku-inu';1;
e;2459379;'gelkheght';1;
e;2474398;'farou';1;
e;2477376;'haldenstövare';1;
e;2477472;'pug';1;
e;2492349;'CKC';1;
e;2503343;'toy-terrier';1;
e;2505587;'norrbottenspets';1;
e;2509427;'karjalankarhukoira';1;
e;2521232;'hygenhund';1;
e;2523799;'haut-poitou';1;
e;2524293;'yorkie';1;
e;2527842;'pocadan';1;
e;2532889;'haldenstover';1;
e;2536006;'ermenti';1;
e;2538514;'weimaraner';1;
e;2538632;'hokkaïdo-ken';1;
e;2539922;'lapinporokoira';1;
e;2541717;'hamiltonstövare';1;
e;2548160;'wetterhoun';1;
e;2549011;'karafuto-ken';1;
e;129310;'groenlandais';1;
e;293351;'shiba';777;
e;1990689;'arment';2;
e;281919;'ténériffe';777;
e;139476;'picard';1;
e;98548;'bloodhound';1;
e;2361831;'dunker';1;
e;97646;'dachshund';1;
e;36367;'boulet';1;
e;422626;'korthals';1;
e;3278465;'cavalier>190879';1;0;'cavalier>race de chien'
e;55957;'clabaudeur';1;
e;422608;'ridgeback';1;
e;235064;'tumbler';1;
e;2397105;'beau-chasseur';1;
e;2436656;'lanterniphore';1;
e;2445939;'lapinkoïra';1;
e;2514626;'suomenlapinkoïra';1;
e;3301077;'zain>4455';1;0;'zain>chien'
e;3296586;'clabaud>4455';1;0;'clabaud>chien'
e;14540;'choupille';1;
e;172605;'chourille';1;
e;146176;'baud';1;
e;242223;'tanuki';1;
e;30934;'aboyeur';1;
e;172604;'chien-cerf';1;
e;39153;'barreur';1;
e;68825;'chou-pille';1;
e;3296594;'tournebroche>4455';1;0;'tournebroche>chien'
e;2458884;'burgo';1;
e;2530602;'zinneke';1;
e;2543172;'baubi';1;
e;2452892;'herbaut';1;
e;3547664;'happelopin>140429';1;0;'happelopin>chasse'
e;3709;'samoyède';1;
e;3958306;'bécassier';1;
e;2498532;'rhodesian-ridgeback';1;
e;420238;'Saarloos';1;
e;2502494;'borzoï';1;
e;422650;'laekenois';1;
e;2388001;'basset-hound';1;
e;22686;'maltais';1;
e;10153;'airedale';1;
e;2464936;'border-terrier';1;
e;2444063;'bull-mastiff';1;
e;2555978;'bedlington-terrier';1;
e;2374977;'labry';1;
e;148829;'labri';1;
e;43705;'groenendael';1;
e;2462085;'azawack';1;
e;2417156;'azawak';1;
e;52323;'rantanplan';1;
e;2435593;'huskie';1;
e;2378321;'morkie';1;
e;2507687;'jack-russell';1;
e;94801;'tournebroche';1;
e;2456367;'Skye-terrier';1;
e;2444892;'happelopin';1;
e;2493671;'charnaigre';1;
e;2495802;'broholmer';1;
e;141471;'cavalier';1;
e;757361;'charplanina';777;
e;2560942;'staffy';1;
e;2500424;'stafford';1;
e;269243;'staffie';1;
e;2440751;'leonberger';1;
e;2508002;'kelpie';1;
e;147512;'bernois';1;
e;2550284;'Norwich-terrier';1;
e;2900966;'Lurcher';777;
e;3559924;'Affenpinscher';777;
e;138412;'Shetland';1;
e;2881724;'Tesem';777;
e;2881725;'tsm';777;
e;398111;'Greyhound';1;
e;2519853;'shar-peï';1;
e;120527;'zain';1;
e;11003161;'Shar-pei';777;
e;11002674;'Ainu-ken';777;
e;11002697;'kintamani';777;
e;11002675;'Hokkaïdo-ken';777;
e;2518142;'tesem';1;
e;14434761;'Nipper';777;
e;2592419;'Aïdi';1;
e;10054084;'Krypto';1;
e;15011146;'Orthos';777;
e;15018145;'Poochy';777;
e;14724535;'pit-bull';1;
e;4052;'bull-terrier';1;
e;14637987;'pittbull';1;
e;10899687;'chin>4455';1;0;'chin>chien'
e;43853;'aile';1;
e;233008;'bec>140176';1;52;'bec>oiseau'
e;225939;'oeil>3674';1;50;'oeil>botanique'
e;148105;'ailes';1;
e;43827;'écailles';1;
e;41005;'maxillaire';1;
e;5984733;'teeth';777;
e;456360;'pancreas';1;
e;411005;'lung';1;
e;94431;'neck';1;
e;11405719;'heart';1;
e;155383;'penis';1;
e;141814;'vertèbre';1;
e;44659;'intestins';1;
e;271596;'intestine';1;
e;74082;'nageoire';1;
e;152711;'nageoires';1;
e;49315;'pancréas';1;
e;228513;'sang>86501';1;274;'sang>hémoglobine'
e;22889;'intestin';1;
e;23194;'joue';1;
e;214602;'queue>214624';1;74;'queue>queue d'
e;60902;'dent';1;
e;71864;'museau';1;
e;77008;'yeux';1;
e;76046;'oreilles';1;
e;251723;'arme>237';1;84;'arme>objet'
e;122817;'colt';1;
e;233950;'famille>233949';1;136;'famille>enfants et parents'
e;16035620;'chien-guide';1;
e;5580669;'pomme-chien';777;
e;128347;'chiendent';1;
e;2427164;'sous-chien';1;
e;2407996;'maitre-chien';1;
e;2438243;'pisse-chien';1;
e;2377300;'étrangle-chien';1;
e;2395991;'robot-chien';1;
e;2367674;'chien-couché';777;
e;2363735;'noie-chien';1;
e;2366794;'chien-chaud';1;
e;10156881;'Chat-chien';1;
e;2566631;'maître-chien';1;
e;2579423;'chien-lion';1;
e;1654917;'nègue-chien';1;
e;2557929;'mort-chien';1;
e;2531952;'chien-nid';1;
e;289557;'Fu-chien';777;
e;221776;'crève-chien';1;
e;220748;'chien-garou';1;
e;175333;'chien-rat';1;
e;171000;'poisson-chien';1;
e;168633;'negue-chien';1;
e;151144;'tue-chien';1;
e;129784;'chasse-chien';1;
e;62279;'chien-assis';1;
e;131210;'chien-chien';1;
e;110236;'tabac';1;
e;21520;'hameau';1;
e;215053;'rue>215052';1;234;'rue>voie de circulation'
e;15210;'villes';1;
e;137391;'Afrique';1;
e;40355;'continent';1;
e;96256;'bois';1;
e;215720;'voiture>95706';1;824;'voiture>automobile'
e;20564;'rue';1;
e;12831;'montagne';1;
e;28716;'étable';1;
e;4920;'savane';1;
e;243185;'faroueste';1;
e;95605;'champ';1;
e;80372;'brousse';1;
e;77735;'Europe';1;
e;97173;'magasin';1;
e;52255;'arbre';1;
e;71578;'lit';1;
e;89591;'table';1;
e;35729;'coussin';1;
e;143607;'nature';1;
e;77086;'cynodrome';1;
e;233638;'mer>218698';1;232;'mer>étendue d'
e;65012;'eau';1;
e;107150;'bateau';1;
e;87887;'village';1;
e;144366;'désert';1;
e;17023;'cage';1;
e;83208;'cirque';1;
e;163503;'Far-West';1;
e;164963;'farwest';1;
e;91358;'appartement';1;
e;50356;'partout';1;
e;97335;'écurie';1;
e;136786;'ville';1;
e;5955;'parc';1;
e;61944;'univers';1;
e;146632;'forêt';1;
e;121889;'pré';1;
e;46453;'douane';1;
e;217050;'ferme>153875';1;82;'ferme>exploitation agricole'
e;113093;'jungle';1;
e;29786;'ferme';1;
e;133013;'trottoir';1;
e;35676;'canapé';1;
e;6890;'voiture';1;
e;152404;'SPA';1;
e;139575;'jardin';1;
e;79444;'campagne';1;
e;141527;'gay';1;
e;594698;'foufou>171869';1;0;
e;596194;'crevé>171869';1;0;
e;145709;'crevé';1;
e;85565;'foufou';1;
e;118502;'abricot';1;
e;2318287;'relevé>161702';1;0;
e;2324838;'crevé>161702';1;0;
e;599254;'carnassier>171869';1;0;
e;438984;'gros>171869';1;50;
e;18302;'adulte';1;
e;248830;'dressé>88269';1;8;'dressé>apprivoisé'
e;144635;'déprimé';1;
e;21431;'famélique';1;
e;52404;'bizarre';1;
e;128616;'attachant';1;
e;48510;'dangereux';1;
e;37632;'laid';1;
e;217380;'blanc>40056';1;204;'blanc>couleur'
e;5466;'dominé';1;
e;595312;'relevé>171869';1;0;
e;2673;'bringé';1;
e;92787;'trapu';1;
e;222609;'abricot>40056';1;50;'abricot>couleur'
e;108983;'battu';1;
e;29744;'moustachu';1;
e;45028;'Gentil';1;
e;18862;'relevé';1;
e;14201473;'petit>132183';1;0;'petit>hypocoristique'
e;10595;'malade';1;
e;139545;'frisé';1;
e;139388;'mobile';1;
e;39621;'marin';1;
e;123041;'indépendant';1;
e;99220;'hétérotrophe';1;
e;67515;'attaché';1;
e;599490;'domestique>171869';1;0;
e;8542;'beige';1;
e;55015;'expansif';1;
e;117145;'tondu';1;
e;133185;'con';1;
e;64238;'noir';1;
e;106625;'perdu';1;
e;44575;'vieux';1;
e;133424;'endotherme';1;
e;122864;'mort';1;
e;270458;'molossoïde';1;
e;52413;'carnassier';1;
e;125352;'terrestre';1;
e;332672;'gros>2390';1;140;'gros>corpulent'
e;436343;'carnassier>48855';1;60;'carnassier>carnivore'
e;64888;'affamé';1;
e;37302;'trouvé';1;
e;142663;'sale';1;
e;136128;'craintif';1;
e;43222;'effrayant';1;
e;52265;'superbe';1;
e;18392;'brisé';1;
e;596511;'abricot>171869';1;0;
e;47420;'obéissant';1;
e;28466;'jeune';1;
e;240615;'tatoué';1;
e;217659;'ronronnant';1;
e;114365;'agile';1;
e;29603;'méfiant';1;
e;214240;'rapide>114133';1;76;'rapide>rapidité'
e;261996;'braccoïde';1;
e;32963;'dominant';1;
e;4513;'joyeux';1;
e;239660;'foufou>19764';1;20;'foufou>fou'
e;223753;'crevé>122864';1;54;'crevé>mort'
e;99164;'peureux';1;
e;128961;'mignon';1;
e;19150;'chaud';1;
e;144416;'bloqué';1;
e;217921;'relevé>35110';1;12;'relevé>monté'
e;3143;'social';1;
e;50889;'gris';1;
e;107689;'poilu';1;
e;96920;'joueur';1;
e;54186;'fort';1;
e;118316;'propre';1;
e;317213;'carnivore>178691';1;44;'carnivore>régime alimentaire'
e;143560;'couché';1;
e;44169;'égaré';1;
e;87551;'abandonné';1;
e;17025;'animé';1;
e;74183;'doux';1;
e;74514;'féroce';1;
e;1384;'vivant';1;
e;82844;'comestible';1;
e;143206;'tigré';1;
e;110732;'rapide';1;
e;15526;'imprévisible';1;
e;133116;'dressé';1;
e;35173;'gai';1;
e;130716;'persan';1;
e;261570;'vivant>126414';1;28;'vivant>en vie'
e;4652;'agressif';1;
e;81997;'tacheté';1;
e;88269;'apprivoisé';1;
e;23178;'grand';1;
e;68881;'affectueux';1;
e;108166;'beau';1;
e;261515;'muselé';1;
e;9903;'galeux';1;
e;37329;'errant';1;
e;105621;'vivipare';1;
e;142226;'gentil';1;
e;88096;'gros';1;
e;15196;'blanc';1;
e;69280;'hamster';1;
e;129090;'chiennerie';1;
e;95060;'canicule';1;
e;136290;'cagneux';1;
e;234211;'hypokhâgne';1;
e;79847;'khâgneux';1;
e;157772;'pouvoir>146882';1;56;
e;73827;'voler';1;
e;239952;'mordre>85349';1;50;'mordre>corroder'
e;213857;'voler>167847';1;276;'voler>déplacement aérien'
e;313312;'apprendre>77721';1;62;'apprendre>instruire'
e;234281;'piquer>30265';1;4;'piquer>darder'
e;136266;'braire';1;
e;105810;'bourgeonner';1;
e;106682;'digérer';1;
e;241306;'embrasser>5692';1;90;'embrasser>baiser'
e;123094;'laper';1;
e;245869;'dévorer>130164';1;48;'dévorer>manger'
e;45225;'effrayer';1;
e;135887;'mordiller';1;
e;91463;'gambader';1;
e;239279;'sortir>125143';1;52;'sortir>aller dehors'
e;138261;'bâiller';1;
e;38691;'glapir';1;
e;81924;'rassembler';1;
e;45616;'errer';1;
e;56105;'mâcher';1;
e;16167;'enterrer';1;
e;104242;'agresser';1;
e;134874;'abîmer';1;
e;109883;'arracher';1;
e;26193;'sentir';1;
e;62985;'déchiqueter';1;
e;16087;'garder';1;
e;39170;'surveiller';1;
e;114455;'protéger';1;
e;72397;'pleurer';1;
e;7348;'guider';1;
e;2631;'traquer';1;
e;135714;'pister';1;
e;39895;'poursuivre';1;
e;10378;'aider';1;
e;119786;'sauver';1;
e;33744;'défendre';1;
e;19288;'gratter';1;
e;2442;'vivre';1;
e;251694;'mourir>126720';1;230;'mourir>cesser de vivre'
e;259820;'vivre>160251';1;72;'vivre>être en vie'
e;5435;'ronfler';1;
e;127535;'engendrer';1;
e;17230;'empâter';1;
e;77822;'venir';1;
e;38531;'hurler';1;
e;46211;'dérober';1;
e;16964;'marcher';1;
e;47175;'terroriser';1;
e;125627;'transpirer';1;
e;29690;'fuir';1;
e;90213;'haleter';1;
e;64325;'aimer';1;
e;55001;'ronronner';1;
e;79364;'sauter';1;
e;36548;'rugir';1;
e;262353;'remuer>33871';1;54;'remuer>bouger'
e;130196;'rechercher';1;
e;115919;'pisser';1;
e;237333;'gronder>43106';1;50;'gronder>bruit'
e;25296;'impressionner';1;
e;109426;'galoper';1;
e;320218;'attaquer>104242';1;122;'attaquer>agresser'
e;139386;'observer';1;
e;128128;'allaiter';1;
e;225252;'marcher>59303';1;148;'marcher>se déplacer'
e;265788;'gémir>122483';1;8;'gémir>se plaindre'
e;240863;'chasser>140429';1;56;'chasser>chasse'
e;323237;'naître>25328';1;34;'naître>venir au monde'
e;23698;'flairer';1;
e;94380;'gémir';1;
e;79896;'tousser';1;
e;325164;'suivre>61572';1;54;'suivre>emboîter le pas'
e;44228;'terrifier';1;
e;105814;'regarder';1;
e;392491;'garder>39170';1;76;'garder>surveiller'
e;115385;'détendre';1;
e;213856;'voler>58321';1;164;'voler>malhonnêteté'
e;240789;'tuer>240788';1;172;'tuer>ôter la vie'
e;100813;'attendre';1;
e;18405;'obéir';1;
e;62823;'manifester';1;
e;235958;'couiner>33082';1;50;'couiner>crier'
e;242894;'nager>11057832';1;28;'nager>se déplacer dans un liquide'
e;140318;'parler';1;
e;73135;'naître';1;
e;6681658;'manger>113902';1;122;'manger>alimentation'
e;11134606;'hurler>17559';1;2;'hurler>animal'
e;3175140;'rapporter>4455';1;0;'rapporter>chien'
e;15187863;'piller>140429';1;0;'piller>chasse'
e;55489;'celer';1;
e;129175;'tourniquer';1;
e;233198;'boire>86872';1;92;'boire>se désaltérer'
e;113930;'saillir';1;
e;5714;'sortir';1;
e;47918;'boire';1;
e;61952;'gronder';1;
e;87751;'percuter';1;
e;224905;'percuter>15852';1;50;'percuter>déclencher'
e;101484;'renifler';1;
e;26142;'agacer';1;
e;80692;'fuguer';1;
e;109640;'embrasser';1;
e;113960;'couiner';1;
e;47123;'suivre';1;
e;2234;'copuler';1;
e;21149;'dévorer';1;
e;124600;'mourir';1;
e;7943;'tuer';1;
e;247161;'baver>106554';1;64;'baver>salive'
e;20911;'nager';1;
e;54764;'grogner';1;
e;233513;'lécher>233510';1;56;'lécher>passer la langue'
e;73719;'chercher';1;
e;318500;'grogner>17559';1;8;'grogner>animal'
e;53455;'déféquer';1;
e;130164;'manger';1;
e;113507;'rapporter';1;
e;128209;'jouer';1;
e;78768;'chasser';1;
e;43485;'dresser';1;
e;118970;'pourchasser';1;
e;48704;'trouver';1;
e;128828;'couper';1;
e;84983;'enfermer';1;
e;19153;'castrer';1;
e;20537;'attacher';1;
e;101456;'museler';1;
e;61562;'éduquer';1;
e;50739;'caresser';1;
e;51520;'promener';1;
e;48797;'raser';1;
e;233528;'abattre>7943';1;48;'abattre>tuer'
e;87633;'abattre';1;
e;98577;'enchaîner';1;
e;48312;'stériliser';1;
e;29926;'acheter';1;
e;80199;'cuisiner';1;
e;54438;'vendre';1;
e;89749;'offrir';1;
e;2934;'crever';1;
e;58842;'shampooiner';1;
e;62786;'exécuter';1;
e;67823;'shampouiner';1;
e;45620;'mater';1;
e;234151;'taper>34954';1;72;'taper>frapper'
e;71585;'violenter';1;
e;53223;'lâcher';1;
e;18834;'posséder';1;
e;101894;'tabasser';1;
e;121235;'abandonner';1;
e;78823;'flatter';1;
e;25239;'exciter';1;
e;76083;'détacher';1;
e;61506;'peigner';1;
e;34284;'brosser';1;
e;36154;'balader';1;
e;117557;'piquer';1;
e;12620;'adopter';1;
e;91544;'rouer';1;
e;97571;'consommer';1;
e;2365408;'champouigner';1;
e;2395742;'champouiner';1;
e;2862656;'dessiner>14155497';1;40;'dessiner>représenter par le dessin'
e;245371;'euthanasier';1;
e;106016;'photographier';1;
e;113792;'empailler';1;
e;15562;'blesser';1;
e;26507;'pêcher';1;
e;213544;'pêcher>78768';1;44;'pêcher>chasser'
e;63831;'taper';1;
e;52760;'dessiner';1;
e;599637;'taper>146882';1;0;
e;439411;'pêcher>146882';1;50;
e;121247;'torturer';1;
e;1870640;'écraser>6890';1;32;'écraser>voiture'
e;13642289;'laver>85286';1;40;'laver>nettoyer'
e;12690906;'abandonner>207670';1;2;'abandonner>se défaire de'
e;143876;'laver';1;
e;42555;'accepter';1;
e;2448789;'commer';1;
e;146284;'étreinte';1;
e;19017;'siffler';1;
e;233397;'appeler>233395';1;8;'appeler>demander à venir'
e;234280;'piquer>245371';1;18;'piquer>euthanasier'
e;53344;'appeler';1;
e;98213;'toiletter';1;
e;221597;'battre>34954';1;108;'battre>frapper'
e;136186;'apprivoiser';1;
e;52004;'écraser';1;
e;78197;'gratouiller';1;
e;2362967;'pucer';1;
e;265777;'caresser>82900';1;124;'caresser>toucher'
e;164433;'canines';1;
e;13912;'ricin';1;
e;56457;'tatouage';1;
e;140988;'arachnides';1;
e;9986;'Arachnides';1;
e;28563;'tique';1;
e;269936;'ricin>28563';1;2;'ricin>tique'
e;9182;'puces';1;
e;102345;'plaisir';1;
e;49712;'appréhension';1;
e;123739;'respect';1;
e;9864;'désir';1;
e;146357;'envie';1;
e;35833;'répulsion';1;
e;77922;'agacement';1;
e;89487;'attirance';1;
e;82489;'frustration';1;
e;64060;'puissance';1;
e;117276;'défense';1;
e;49450;'aide';1;
e;63471;'protection';1;
e;14330;'satisfaction';1;
e;28453;'bonheur';1;
e;91691;'surprise';1;
e;67256;'trouille';1;
e;64356;'attachement';1;
e;88901;'sécurité';1;
e;29737;'amitié';1;
e;14624;'affection';1;
e;5255;'complicité';1;
e;106290;'assurance';1;
e;57221;'joie';1;
e;17927;'haine';1;
e;37298;'amour';1;
e;9683;'tendresse';1;
e;23114;'anxiété';1;
e;60835;'terreur';1;
e;22264;'colère';1;
e;20202;'tristesse';1;
e;144681;'angoisse';1;
e;90830;'dégoût';1;
e;4552;'inquiétude';1;
e;49337;'crainte';1;
e;32202;'phobie';1;
e;626;'peur';1;
e;120892;'méfiance';1;
e;103405;'indifférence';1;
e;187108;'grrr';1;
e;47466;'nourrir';1;
e;56572;'caca';1;
e;32588;'effraction';1;
e;54856;'cambriolage';1;
e;18508;'horde';1;
e;22573;'harde';1;
e;252660;'meute>145669';1;58;'meute>canidés'
e;37194;'poule';1;
e;218238;'poule>140176';1;166;'poule>oiseau'
e;265792;'anisoptère';1;
e;140100;'viande';1;
e;261738;'viande>20965';1;360;'viande>nourriture'
e;31424;'fauve';1;
e;86356;'rouge';1;
e;145583;'rose';1;
e;60;'bleu';1;
e;14189;'brun';1;
e;86711;'jaune';1;
e;132479;'marron';1;
e;1646420;'chasseur>171869';1;0;
e;214232;'chasseur>103453';1;56;'chasseur>cynégétique'
e;30459;'chasseur';1;
e;1798013;'voisin>171869';1;0;
e;1798012;'voisin>146885';1;0;
e;221132;'voisin>116477';1;42;'voisin>personne'
e;28291;'voisin';1;
e;24773;'jappement';1;
e;12662309;'ff30b477405515f9a59ef784221ac687';200;
e;12662347;'aae90e2a24fdbd384d1d301de4838e39';200;
e;12662353;'a3a78f80e2916805f9d47a5dfe2481fa';200;
e;12662359;'d651f26fa23d293f0506c47f76b1a46a';200;
e;12662467;'bc4ffb6ddad022444f442d966d55a2da';200;
e;12669644;'ef99172cf1e0444122601dccd7a57a08';200;
e;12693636;'a61d48aa684d84e56db7e05c26812615';200;
e;12709283;'b16bcb09aaabc2dfd93467acb3e91501';200;
e;12719525;'f86710dca777121ef63264149a73fa28';200;
e;12726435;'d76e977ec378d5b29838f92dc64cb774';200;
e;12732548;'e4a3b66fc88ce9a12f4fc8424c4651ac';200;
e;12765440;'c8d5e098f2d7f62d142f39a8fda173fe';200;
e;13045892;'f9a5537f34574df12f8906821676408e';200;
e;13440527;'ee55950ef2a68ba45ce559201fd028a3';200;
e;12662035;'d0ad9173a3a660c8c8817091703a77c5';200;
e;12662264;'db6bfd4a4314388fb84a1b8ace3af59c';200;
e;12669646;'b13d17e72e65e3ccadc9c6ff1fcd12d0';200;
e;13657830;'a7b5035888cd7c423549542cfcb9b592';200;
e;12738032;'f96e63f2a5f00b8b9919ee211acc7d96';200;
e;13626903;'e8f1c437ecfb90a3fb86c66df63dea0c';200;
e;13644621;'f8f57089eb12259af2cc3faa40128a5d';200;
e;13730453;'da2e13ddc42c3a2e63d30db7c8c21282';200;
e;13730493;'b49a62d4dcf2ec4a8ef2298a90365c4e';200;
e;14008299;'dcdd9c8011324777c59093c72c3dd3df';200;
e;14050321;'ff7f51e895fc15076495a3526e3d2e9d';200;
e;14139996;'fa20d020cb3c5d7ddb4d968384217928';200;
e;14158115;'b8e6dd6f59672eeb37222da24996534c';200;
e;14451147;'fd46c23918dd50c256786e74fd90e1c0';200;
e;14777855;'d311268e92521063b5c5fce39a6dec76';200;
e;15790092;'de273015bbe8320ba683894019f9e5a8';200;
e;12662032;'d8844c345207b9ec5b8a07f2a1a71574';200;
e;12662040;'b0be7237a1ef78ea7839c1f9792304fa';200;
e;13403781;'d83989560cda031cb9ea080e89ae767d';200;
e;13638631;'ea60eb8bffe34a2c7bc259820d9f00ae';200;
e;14095364;'bc7c33c208c58fe5753113e2d11ae21c';200;
e;12662457;'ce07f5615c3da66817a22e500351fe12';200;
e;13981842;'e049cd89aba0fa10086b4e536051e3d5';200;
e;7574;'autre';1;
e;153696;'traineau';1;
e;117327;'Croc-Blanc';1;
e;109527;'chose';1;
e;18571;'truc';1;
e;48582;'génial';1;
e;110902;'odorat';1;
e;410611;'Boxer';1;
e;64297;'Terre-Neuve';1;
e;2105305;'standards';2;
e;2562533;'Malinois';1;
e;2937025;'Synonyme';777;
e;2956008;'Synonymes';777;
e;2530265;'Rouet';1;
e;3574005;'Colley';1;
e;81764;'harnais';1;
e;5567093;'Amidon';777;
e;5892723;'Speothos';777;
e;5895714;'Atelocynus';1;
e;397586;'Nom';1;
e;23481;'substantif';1;
e;61611;'masculin';1;
e;131914;'classique';1;
e;56298;'accusatif';1;
e;5954113;'Caniche';1;
e;5965900;'Carlin';1;
e;1988288;'anglophones';2;
e;5918646;'Platine';777;
e;10327403;'Toutou';1;
e;5880093;'Peluche';1;
e;142275;'peluche';1;
e;152211;'Informatique';1;
e;104993;'informatique';1;
e;424977;'Zodiaque';1;
e;27775;'zodiaque';1;
e;154682;'Astrologie';1;
e;151684;'Linguistique';1;
e;23157;'linguistique';1;
e;403765;'Alphabet';1;
e;106823;'alphabet';1;
e;2065505;'diacritiques';2;
e;95293;'trigramme';1;
e;62571;'phonologique';1;
e;113268;'diphtongue';1;
e;423561;'Polonais';1;
e;102314;'polonais';1;
e;5741154;'ionien-attique';777;
e;56169;'monophtongaison';1;
e;52762;'ligature';1;
e;2463131;'Vietnamien';1;
e;108419;'vietnamien';1;
e;2065650;'dialectales';2;
e;40461;'breton';1;
e;90928;'Cornouaille';1;
e;424288;'vannetais';1;
e;207393;'Saintongeais';1;
e;113101;'saintongeais';1;
e;51245;'Charleroi';1;
e;11521505;'Typographie';777;
e;177501;'Écriture';1;
e;138375;'Cartouche';1;
e;118638;'amadou';1;
e;2609;'levier';1;
e;80504;'rouet';1;
e;10458647;'Silex';1;
e;2710;'silex';1;
e;14532311;'Phonologie';1;
e;316437;'chat>93068';1;50;'chat>enrouement'
e;2667666;'chat>143712';1;0;'chat>marine'
e;2667669;'chat>109899';1;0;'chat>artillerie'
e;330571;'chat>68467';1;62;'chat>poisson'
e;258956;'chat>258955';1;50;'chat>machine de siège'
e;2667668;'chat>149496';1;0;'chat>palatine'
e;330570;'chat>215126';1;4;'chat>sexe de la femme'
e;213468;'chat>53314';1;2;'chat>jeu'
e;213467;'chat>234460';1;86;'chat>communication textuelle'
e;225846;'organisme>332175';1;54;'organisme>ensemble des organes'
e;225849;'organisme>86627';1;50;'organisme>organisation'
e;4337375;'berger>81318';1;0;'berger>santon'
e;228754;'berger>44288';1;50;'berger>amant'
e;228756;'berger>114975';1;52;'berger>guide'
e;228753;'berger>266832';1;62;'berger>gardien de troupeau'
e;247248;'os>29208';1;8;'os>matière'
e;213645;'os>106738';1;2;'os>difficulté'
e;3230037;'loup>102206';1;0;'loup>médecine'
e;3230035;'loup>111235';1;0;'loup>métallurgie'
e;3230031;'loup>72169';1;0;'loup>industrie textile'
e;3230032;'loup>30843';1;0;'loup>outil'
e;3230033;'loup>255485';1;0;'loup>terme affectueux'
e;3230036;'loup>42774';1;0;'loup>armement'
e;3230034;'loup>19600';1;0;'loup>bijouterie'
e;3230030;'loup>154702';1;14;'loup>filet de pêche'
e;213338;'loup>51419';1;50;'loup>défaut'
e;213339;'loup>139292';1;56;'loup>masque'
e;213757;'loup>140704';1;2;'loup>jeu d'
e;213342;'loup>153478';1;78;'loup>poisson de mer'
e;2627447;'truffe>2627445';1;0;'truffe>personne naïve'
e;2627451;'truffe>132757';1;0;'truffe>pomme de terre'
e;437620;'mordre>196662';1;50;'mordre>avoir prise sur'
e;437626;'mordre>437625';1;50;'mordre>gober une histoire'
e;437624;'mordre>437623';1;50;'mordre>prendre goût à'
e;239951;'mordre>124836';1;50;'mordre>croquer'
e;437622;'mordre>437621';1;50;'mordre>sensation douloureuse'
e;239948;'mordre>145624';1;50;'mordre>pêche'
e;239949;'mordre>80556';1;50;'mordre>dépasser'
e;1870641;'écraser>8421';1;10;'écraser>écrabouiller'
e;1870645;'écraser>112096';1;0;'écraser>accabler'
e;1870647;'écraser>122904';1;0;'écraser>étouffer'
e;1870648;'écraser>37010';1;0;'écraser>se taire'
e;1870649;'écraser>12210';1;0;'écraser>rabaisser'
e;1870828;'écraser>104993';1;0;'écraser>informatique'
e;1870827;'écraser>68342';1;2;'écraser>vaincre'
e;2976251;'chasseur>16033';1;0;'chasseur>cuisine'
e;2976287;'chasseur>184412';1;0;'chasseur>système d'
e;2976323;'chasseur>143712';1;0;'chasseur>marine'
e;2976329;'chasseur>2976328';1;0;'chasseur>qui recherche'
e;214233;'chasseur>141168';1;50;'chasseur>domestique'
e;214234;'chasseur>102633';1;4;'chasseur>soldat'
e;214231;'chasseur>87925';1;26;'chasseur>aviation'
e;225848;'organisme>118203';1;52;'organisme>corps humain'
e;237441;'être>85728';1;10;'être>exister'
e;237443;'être>37229';1;66;'être>se trouver'
e;2755362;'terrier>101013';1;0;'terrier>propriétaire foncier'
e;233824;'terrier>115865';1;50;'terrier>trou'
e;332738;'bouvier>140176';1;50;'bouvier>oiseau'
e;332739;'bouvier>109800';1;50;'bouvier>vacher'
e;240907;'porcelaine>154746';1;50;'porcelaine>plante grasse'
e;240906;'porcelaine>18285';1;2;'porcelaine>papillon'
e;214784;'porcelaine>103028';1;50;'porcelaine>coquillage'
e;214786;'porcelaine>130949';1;4;'porcelaine>vaisselle'
e;214788;'porcelaine>214787';1;4;'porcelaine>objet en porcelaine'
e;330963;'cordé>3674';1;50;'cordé>botanique'
e;3265305;'collier>55493';1;0;'collier>minerve'
e;3175141;'rapporter>143462';1;0;'rapporter>couture'
e;3175146;'rapporter>120619';1;0;'rapporter>héritage'
e;3175142;'rapporter>61284';1;0;'rapporter>indiquer'
e;3175143;'rapporter>75986';1;0;'rapporter>relater'
e;3175139;'rapporter>117223';1;0;'rapporter>géométrie'
e;241980;'rapporter>129024';1;52;
e;241982;'rapporter>203768';1;50;'rapporter>mettre en relation'
e;241983;'rapporter>94956';1;50;'rapporter>abroger'
e;241984;'rapporter>87561';1;50;'rapporter>rajouter'
e;241979;'rapporter>46249';1;54;'rapporter>revenu'
e;241985;'rapporter>17557';1;2;'rapporter>ramener'
e;241981;'rapporter>94603';1;52;'rapporter>moucharder'
e;241978;'rapporter>65447';1;50;'rapporter>rendre'
e;230298;'coussinet>25800';1;50;'coussinet>chemin de fer'
e;230300;'coussinet>98040';1;50;'coussinet>architecture'
e;2924558;'coussinet>3674';1;0;'coussinet>botanique'
e;230296;'coussinet>35729';1;50;'coussinet>coussin'
e;230299;'coussinet>67368';1;50;'coussinet>mécanique'
e;3298658;'rage>39448';1;0;'rage>passion'
e;213900;'rage>22264';1;80;'rage>colère'
e;220916;'bouffe>20965';1;78;'bouffe>nourriture'
e;2640848;'bouffe>135694';1;0;'bouffe>comique'
e;220914;'bouffe>2449';1;50;'bouffe>opéra'
e;220915;'bouffe>74736';1;64;'bouffe>repas'
e;3170045;'niche>76619';1;0;'niche>radiologie'
e;3170046;'niche>49615';1;0;'niche>commerce'
e;217782;'niche>72585';1;50;'niche>plaisanterie'
e;231250;'niche>53267';1;50;'niche>écologie'
e;217779;'niche>114832';1;68;'niche>renfoncement'
e;8343989;'danois>52119';1;0;'danois>langue'
e;8343990;'danois>16476';1;0;'danois>Danemark'
e;233273;'collier>16912';1;80;'collier>bijou'
e;233274;'collier>81764';1;50;'collier>harnais'
e;233275;'collier>143401';1;2;'collier>barbe'
e;233276;'collier>64437';1;52;'collier>boucherie'
e;233277;'collier>98040';1;50;'collier>architecture'
e;233279;'collier>134886';1;52;'collier>plomberie'
e;1877296;'pointer>102042';1;2;'pointer>viser'
e;1877323;'pointer>104993';1;0;'pointer>informatique'
e;1877288;'pointer>70527';1;0;'pointer>musique'
e;1877294;'pointer>392315';1;0;'pointer>faire des points'
e;1877295;'pointer>64163';1;0;'pointer>navigation'
e;1877306;'pointer>133889';1;0;'pointer>vérification'
e;1877336;'pointer>31412';1;0;'pointer>mettre en évidence'
e;1877337;'pointer>753';1;6;'pointer>poindre'
e;1877326;'pointer>124526';1;0;'pointer>pétanque'
e;3672010;'whippet>72043';1;0;'whippet>confiserie'
e;322452;'cynique>38867';1;50;'cynique>philosophie'
e;322454;'cynique>77660';1;54;'cynique>désabusé'
e;322453;'cynique>85868';1;50;'cynique>impudence'
e;214299;'truffe>25484';1;32;'truffe>champignon'
e;213677;'puce>14189';1;50;'puce>brun'
e;213679;'puce>33216';1;102;'puce>circuit intégré'
e;213681;'puce>213680';1;50;'puce>symbole typographique'
e;213682;'puce>213452';1;6;'puce>terme d'
e;213684;'puce>87291';1;50;'puce>daphnie'
e;318501;'grogner>3139';1;14;'grogner>mauvaise humeur'
e;2628851;'pumi>52119';1;0;'pumi>langue'
e;242309;'croc>120982';1;2;'croc>crochet'
e;1870847;'écrasé>2161';1;0;'écrasé>vaincu'
e;1870848;'écrasé>107216';1;4;'écrasé>étouffé'
e;1870849;'écrasé>88349';1;0;'écrasé>humilié'
e;1870850;'écrasé>69836';1;2;'écrasé>aplati'
e;1870852;'écrasé>104993';1;0;'écrasé>informatique'
e;1870853;'écrasé>143757';1;0;'écrasé>art culinaire'
e;1870851;'écrasé>76341';1;2;'écrasé>broyé'
e;1870854;'écrasé>58851';1;0;'écrasé>accablé'
e;213683;'puce>126420';1;50;'puce>talitre'
e;238306;'fourrière>123745';1;2;'fourrière>véhicule'
e;237444;'être>94160';1;58;'être>existence'
e;216605;'boxer>84384';1;32;'boxer>boxe'
e;216607;'boxer>36250';1;14;'boxer>short'
e;233823;'terrier>175022';1;50;'terrier>papier terrier'
e;264940;'briquet>264939';1;56;'briquet>dispositif pyrotechnique'
e;264941;'briquet>22710';1;50;'briquet>sabre'
e;264943;'briquet>155157';1;50;
e;225124;'croquette>16033';1;56;'croquette>cuisine'
e;226260;'dingo>19764';1;8;'dingo>fou'
e;226261;'dingo>99176';1;50;'dingo>entiché'
e;220909;'gamelle>20965';1;54;'gamelle>nourriture'
e;220910;'gamelle>75825';1;50;'gamelle>projecteur'
e;220911;'gamelle>115735';1;54;'gamelle>chute'
e;220912;'gamelle>127487';1;50;'gamelle>échec'
e;220913;'gamelle>117610';1;4;
e;241201;'griffon>215202';1;50;'griffon>animal fantastique'
e;241203;'griffon>72426';1;50;'griffon>vautour'
e;241204;'griffon>99014';1;50;'griffon>source'
e;263415;'braque>51688';1;52;'braque>étourdi'
e;229800;'labrador>343';1;50;'labrador>labradorite'
e;317283;'omnivore>178691';1;52;'omnivore>régime alimentaire'
e;2371315;'Rintintin>68807';1;0;'Rintintin>série télévisée'
e;270457;'carlin>25996';1;50;'carlin>monnaie'
e;267287;'Woodstock>106091';1;52;'Woodstock>festival'
e;267288;'Woodstock>136786';1;50;'Woodstock>ville'
e;320837;'poitevin>62780';1;50;'poitevin>Poitou'
e;320838;'poitevin>131059';1;50;'poitevin>dialecte'
e;250349;'pékinois>36257';1;50;'pékinois>Pékin'
e;261409;'pékinois>52119';1;50;'pékinois>langue'
e;318657;'basset>121002';1;50;'basset>ustensile'
e;318658;'basset>70527';1;50;'basset>musique'
e;3179228;'cabot>48071';1;0;'cabot>cabotin'
e;3179229;'cabot>109203';1;0;'cabot>caporal'
e;3301075;'zain>145246';1;0;'zain>cheval'
e;3301076;'zain>28993';1;0;'zain>taureau'
e;246544;'Zvezda';666;
e;1008;'cabochard';1;
e;1994;'environs';1;
e;2285;'barine';1;
e;236557;'Belette';666;
e;4711;'saccharine';1;
e;4743;'bicoque';1;
e;5736;'fantomatique';1;
e;246494;'Angora';666;
e;68442;'pantoufle';1;
e;4340;'bercail';1;
e;320553;'Husky';666;
e;212554;'glop';666;
e;37457;'piller';1;
e;594099;'blood';1;
e;23468;'anthelminthique';1;
e;16035743;'irish-terrier';1;
e;290513;'jagdterrier';777;
e;23961;'rabâcher';1;
e;150320;'rouvieux';1;
e;16035859;'owtchar';1;
e;2574376;'podenco';1;
e;31776;'rapprocheur';1;
e;16035914;'ruby-spaniel';1;
e;73613;'essoriller';1;
e;16045422;'field-trial';1;
e;92702;'forlonger';1;
e;1654673;'hogner';1;
e;86389;'veneur';1;
e;161430;'gordon';1;
e;135200;'grondement';1;
e;50059;'hurlement';1;
e;16035753;'king-charles';1;
e;121997;'levron';1;
e;148910;'levronne';1;
e;16035921;'sealyham-terrier';1;
e;16035949;'sussex-spaniel';1;
e;150875;'tchin-tchin';1;
e;150893;'tekel';1;
e;58183;'blatte';1;
e;147832;'down';1;
e;149026;'majorquin';1;
e;2530831;'broussailleur';1;
e;2573143;'clumber';1;
e;567241;'deerhound';777;
e;83721;'havanais';1;
e;2413163;'laïka';1;
e;3721471;'admis>161702';1;0;
e;3352863;'promener>50472';1;20;'promener>promenade'
e;32300;'contre-pied';1;
e;145168;'merle';1;
e;40249;'admis';1;
e;596877;'admis>171869';1;0;
e;41715;'fouiller';1;
e;1232917;'merle>171869';1;0;
e;32791;'arête';1;
e;16026669;'yorkshire-terrier';1;
e;1924108;'canichon';1;
e;99369;'clabauder';1;
e;96229;'doguin';1;
e;107610;'aboi';1;
e;16035577;'black-tongue';1;
e;1857078;'dioctophymose';1;
e;11254534;'barbette>4455';1;0;'barbette>chien'
e;4067;'barbette';1;
e;226826;'lupoïde';1;
e;74618;'chienner';1;
e;11132426;'écumer>22264';1;0;'écumer>colère'
e;15782916;'pucer>17559';1;0;'pucer>animal'
e;83983;'caravane';1;
e;214467;'dressage>98271';1;58;'dressage>domptage'
e;1876464;'sortir>51520';1;6;'sortir>promener'
e;81873;'carpette';1;
e;100307;'hot-dog';1;
e;22842;'hyène';1;
e;8231;'rabot';1;
e;77890;'matou';1;
e;320113;'grrr>17559';1;50;'grrr>animal'
e;1800145;'admis>36973';1;2;'admis>toléré'
e;1860841;'fouiller>73719';1;24;'fouiller>chercher'
e;3161653;'tumbler>4455';1;0;'tumbler>chien'
e;2560195;'ratodrome';1;
e;74986;'fourrière';1;
e;41934;'écrasé';1;
e;139941;'remue';1;
e;325701;'merle>325700';1;50;'merle>robe de chien'
e;49524;'myrmidon';1;
e;1277942;'canin>4455';1;6;'canin>chien'
e;1735419;'golden>4455';1;0;'golden>chien'
e;5971357;'barbet>4455';1;0;'barbet>chien'
e;269620;'limousin>4455';1;50;'limousin>chien'
e;3247873;'caniche>4455';1;10;'caniche>chien'
e;140121;'cancer';1;
e;4407;'omnivore';1;
e;3553877;'clicker';1;
e;148452;'hardé';1;
e;1139027;'lamphre';1;
e;1871230;'écrasé>6890';1;0;'écrasé>voiture'
e;225126;'croquette>224363';1;36;'croquette>nourriture pour animaux'
e;322455;'cynique>4455';1;50;'cynique>chien'
e;151430;'zoothérapie';1;
e;3179227;'cabot>4455';1;14;'cabot>chien'
e;16401;'Peanuts';1;
e;9259312;'zain>171869';1;0;
e;82022;'boyaux';1;
e;219815;'Woodstock';1;
e;142495;'limousin';1;
e;3232108;'cador>4455';1;0;'cador>chien'
e;23241;'bouffe';1;
e;14227;'dressage';1;
e;244497;'Grimmy';1;
e;2640849;'bouffe>4455';1;0;'bouffe>chien'
e;96462;'cynique';1;
e;66049;'plutôt';1;
e;45655;'caniveau';1;
e;7225;'litière';1;
e;317284;'omnivore>17559';1;52;'omnivore>animal'
e;36204;'balle';1;
e;40929;'affectionner';1;
e;49578;'abandon';1;
e;117403;'éventé';1;
e;5451822;'radin>144916';1;0;'radin>argent'
e;114414;'domestiquer';1;
e;238307;'fourrière>71539';1;2;'fourrière>animaux'
e;142138;'taupe';1;
e;88577;'Berger';1;
e;2962;'vénerie';1;
e;175641;'hyménolépidoptère';1;
e;1665105;'handler';1;
e;313432;'maître>27154';1;52;'maître>animal domestique'
e;95079;'zoophile';1;
e;124731;'décrotteur';1;
e;118288;'frontière';1;
e;104610;'halener';1;
e;175360;'coléopode';1;
e;175595;'gymnosome';1;
e;86642;'transhumance';1;
e;225125;'croquette>37289';1;50;'croquette>friandise'
e;226444;'Goofi';1;
e;54090;'Tintin';1;
e;98324;'battue';1;
e;160511;'renifleuse';1;
e;70100;'Pitou';1;
e;17512;'brabançon';1;
e;125120;'toilettage';1;
e;175203;'anomalopède';1;
e;267289;'Woodstock>140176';1;50;'Woodstock>oiseau'
e;235670;'Cabot-Caboche';1;
e;295002;'antihelminthique';1;
e;5451819;'radin>143935';1;18;'radin>avare'
e;120804;'leishmania';1;
e;2467552;'hérigoture';1;
e;12025;'mantelure';1;
e;148882;'leishmanie';1;
e;48195;'Quadrupèdes';1;
e;250474;'léchouille';1;
e;1914810;'struvite';1;
e;226259;'dingo>45661';1;2;'dingo>canidé'
e;142554;'Labrador';1;
e;115877;'assis';1;
e;222926;'dalmatiens';1;
e;224255;'canisette';1;
e;73979;'cynophilie';1;
e;79616;'traîneau';1;
e;132323;'fouaille';1;
e;152578;'Vétérinaire';1;
e;227092;'peanuts';1;
e;154658;'Dingo';1;
e;2494912;'cucuri';1;
e;27829;'camarde';1;
e;2690;'fox';1;
e;139292;'masque';1;
e;233136;'animal>19003';1;56;'animal>bestial'
e;233134;'animal>66517';1;8;'animal>monstre'
e;143540;'bison';1;
e;233135;'animal>233132';1;50;'animal>personne stupide'
e;213767;'pistolet>12716';1;2;'pistolet>urinal'
e;268461;'méduses>145367';1;54;'méduses>cnidaires'
e;225937;'oeil>115865';1;50;'oeil>trou'
e;225936;'oeil>124518';1;50;'oeil>météorologie'
e;233137;'animal>44977';1;56;'animal>charnel'
e;148104;'eye';1;
e;112575;'mobiliser';1;
e;14744;'épouvanter';1;
e;10270;'hiberner';1;
e;115473;'ouïr';1;
e;87221;'griffer';1;
e;597563;'lécher>146882';1;0;
e;129587;'alimenter';1;
e;154082;'matter';1;
e;215133;'griffe>140565';1;50;'griffe>style'
e;69733;'ongulé';1;
e;12875;'robot';1;
e;123948;'fatigant';1;
e;89581;'mortel';1;
e;142215;'aveugle';1;
e;93131;'USA';1;
e;123526;'tenir';1;
e;92657;'leishmaniose';1;
e;1857170;'dirofilariose';1;
e;2198794;'exècre';2;
e;14779166;'d1dcc0adebbc24c922a3d8077da5f761';200;
e;12668819;'e2eed7736e8fce0ce7b290d32b7d8c19';200;
e;12686236;'db9258fa09e79716346e464a7ffa42a0';200;
e;12662320;'ee30b79335fac139ae285cccfc5d949c';200;
e;15152349;'fc8802858b055c8c519c03b6641c6738';200;
e;15921811;'dd18bc502637dcf6ae3bb2c6f0b431df';200;
e;343;'labradorite';1;
e;145347;'Boule';1;
e;13974;'facteur';1;
e;23634;'canis';1;
e;53244;'scoubidou';1;
e;127270;'merde';1;
e;610267;'Hatchi';666;
e;33229;'ESB';1;
e;150822;'taenia';1;
e;41091;'ténia';1;
e;148456;'harnois';1;
e;44223;'hippogriffe';1;
e;127840;'ornithorynque';1;
e;45931;'manteau';1;
e;229701;'Chewbacca';666;
e;106833;'musulman';1;
e;145987;'furet';1;
e;129857;'axolotl';1;
e;42064;'ver';1;
e;69300;'instinct';1;
e;175274;'Canidae';1;
e;125667;'cardiaque';1;
e;121029;'vacherie';1;
e;16718;'comportement';1;
e;213223;'Sonic';666;
e;137239;'Loup';1;
e;271811;'Animalia';777;
e;85011;'sorcier';1;
e;108626;'sorcière';1;
e;135981;'Ysengrin';1;
e;1798;'clonage';1;
e;62819;'mucus';1;
e;275142;'races';1;
e;275349;'mammifere';777;
e;104756;'cave';1;
e;276775;'Cynomys';777;
e;19133;'élever';1;
e;5967;'domestication';1;
e;278239;'ténias';777;
e;278240;'tænias';777;
e;63986;'pelleterie';1;
e;142850;'Renard';1;
e;104343;'dérangement';1;
e;133674;'ronronnement';1;
e;144733;'Arès';1;
e;77777;'antirabique';1;
e;119870;'nidicole';1;
e;20997;'Estrela';1;
e;276324;'Numéro';777;
e;97606;'éleveur';1;
e;8116;'leveur';1;
e;89712;'cynomorphe';1;
e;9870;'Cynomorphes';1;
e;131321;'préhistoire';1;
e;152685;'Animal';1;
e;281818;'canid';777;
e;217629;'CHAT';1;
e;51528;'son';1;
e;141680;'Marsupiaux';1;
e;14436;'marsupiaux';1;
e;282838;'marsupialia';777;
e;58705;'chacal';1;
e;13996;'échinococcose';1;
e;75869;'roux';1;
e;33757;'rouquin';1;
e;175825;'Ornithorynque';1;
e;228808;'Renart';1;
e;30627;'poussif';1;
e;30873;'comportementaliste';1;
e;27072;'Canaan';1;
e;117879;'coprophagie';1;
e;284693;'scatophagie';777;
e;271119;'coprophages';1;
e;32822;'édentés';1;
e;53026;'marsupial';1;
e;53158;'cardage';1;
e;53612;'gardénal';1;
e;47542;'cagou';1;
e;175284;'Carnivora';1;
e;138232;'jeûne';1;
e;42358;'jeun';1;
e;133903;'gale';1;
e;286544;'scabiose';777;
e;100835;'islam';1;
e;212714;'Maori';666;
e;76325;'néodarwinisme';1;
e;229551;'loups';1;
e;224728;'Uluru';1;
e;288823;'sifakas';777;
e;288824;'propithèques';777;
e;288825;'propithecus';777;
e;94880;'Pontarlier';1;
e;219411;'chacals';1;
e;175638;'hyénidés';1;
e;289609;'Hyaenidae';777;
e;180253;'toxocarose';1;
e;39899;'rationnement';1;
e;84804;'cavage';1;
e;290170;'sudorales';777;
e;99490;'sudoripare';1;
e;44896;'malinois';1;
e;84760;'renardeau';1;
e;70038;'mithraïsme';1;
e;37149;'mithriacisme';1;
e;102043;'dominicain';1;
e;173073;'Dominicain';1;
e;160893;'toiletteur';1;
e;57383;'chicaneur';1;
e;146190;'trichine';1;
e;116426;'Antinoüs';1;
e;225668;'Bisounours';1;
e;266283;'Calinours';1;
e;144937;'Cabot';1;
e;76783;'naisseur';1;
e;173153;'groënlandais';1;
e;293228;'ankylostomoses';777;
e;56229;'ankylostomiase';1;
e;11102;'cométique';1;
e;14483;'génomique';1;
e;16240;'démodécie';1;
e;294398;'staphylococcus';777;
e;19086;'staphylocoques';1;
e;22023;'Sirius';1;
e;22041;'dominicains';1;
e;27265;'hippologie';1;
e;27391;'carder';1;
e;29326;'domestiqué';1;
e;295362;'domestiqu';777;
e;32123;'Hyracotherium';1;
e;141069;'Paléolithique';1;
e;49474;'holocène';1;
e;48231;'buron';1;
e;297596;'Elephantidae';777;
e;59727;'Éléphantidés';1;
e;66505;'racial';1;
e;67294;'ankylostomose';1;
e;298311;'animalit';777;
e;67654;'Hyènes';1;
e;68281;'coprophage';1;
e;120960;'Shikoku';1;
e;71464;'fourrures';1;
e;73692;'cirques';1;
e;77320;'hétérochromie';1;
e;80845;'propithèque';1;
e;272188;'Symboles';777;
e;272788;'R22';777;
e;82094;'diéthylèneglycol';1;
e;82241;'mérinos';1;
e;82622;'javellisation';1;
e;82835;'Mallaha';1;
e;133119;'amortisseur';1;
e;91898;'amortisseurs';1;
e;143783;'Bouvier';1;
e;98786;'barbets';1;
e;107298;'instinctif';1;
e;152004;'batard';1;
e;152397;'Elevage';1;
e;152822;'moldu';1;
e;152914;'Cirque';1;
e;118859;'pasteurellose';1;
e;120337;'jeûner';1;
e;63348;'marronnage';1;
e;121354;'féral';1;
e;121932;'pistage';1;
e;303315;'Rhynochetos';777;
e;123770;'kagou';1;
e;271520;'tortues';1;
e;267544;'testudines';1;
e;128041;'bromhidrose';1;
e;163623;'préfrontal';1;
e;304457;'Phlebotominae';777;
e;304458;'phlébotomes';777;
e;135781;'phlébotome';1;
e;135755;'Kabir';1;
e;140691;'bâtarde';1;
e;161452;'robes';1;
e;175314;'Chat';1;
e;175823;'Ornithorhynchus';1;
e;221291;'comportements';1;
e;227419;'gentilé';1;
e;308914;'cryptorchidies';777;
e;115050;'polaire';1;
e;75990;'Polaris';1;
e;237259;'fourchelangue';1;
e;242965;'bisounours';1;
e;234203;'Animagus';1;
e;231185;'Mangemort';1;
e;231673;'fourchelang';666;
e;252714;'chewbacca';1;
e;231187;'patronus';1;
e;145641;'platine';1;
e;393210;'Dobermann';1;
e;436236;'adaptationnisme';1;
e;26258;'Alien';1;
e;426676;'Bee';1;
e;462143;'bubbles';777;
e;396626;'Grégory';1;
e;302488;'guilan';777;
e;390742;'mammalofaune';1;
e;390744;'mammofaune';1;
e;397631;'Cave';1;
e;397725;'Seamus';1;
e;401935;'Holocène';1;
e;402430;'Race';1;
e;403220;'instinctive';1;
e;404749;'tænia';1;
e;407309;'Teckel';1;
e;407559;'leishmaniasis';1;
e;411539;'Rico';1;
e;412766;'Dhondt';1;
e;414799;'Instinct';1;
e;417679;'instincts';1;
e;429336;'Étalon';1;
e;429653;'Robe';1;
e;434735;'Croc';1;
e;461013;'kabir';1;
e;32528;'vers';1;
e;573264;'Ver';1;
e;571665;'Korthals';1;
e;72150;'Hécate';1;
e;464831;'echinococcose';1;
e;41434;'blaireaux';1;
e;84033;'carnassière';1;
e;144590;'Carnivores';1;
e;592657;'DEG';1;
e;111006;'flingue';1;
e;119715;'glycémie';1;
e;623399;'Théviec';777;
e;107514;'taisson';1;
e;422653;'akita';1;
e;143340;'auricule';1;
e;413795;'Taupe';1;
e;299987;'lévriers';777;
e;399771;'sibylline';1;
e;130986;'Spitz';1;
e;33160;'eurasien';1;
e;205836;'Polaire';1;
e;138088;'Marquis';1;
e;94789;'staphylocoque';1;
e;141815;'Roux';1;
e;1703651;'spécisme';1;
e;1703656;'antispécisme';1;
e;260333;'norovirus';1;
e;1747801;'paramyxovirus';1;
e;1747802;'Paramyxoviridae';777;
e;72320;'bothriocéphale';1;
e;139969;'mânes';1;
e;1816258;'éleveurs';1;
e;279284;'H302';777;
e;1838462;'mastocytome';1;
e;1838965;'microtie';1;
e;1855368;'Phlebotomus';1;
e;1845164;'Staphylococcus';1;
e;1856353;'Bartonella';1;
e;1856364;'bartonelloses';777;
e;28257;'Barton';1;
e;1858348;'luminal';1;
e;120957;'diminutif';1;
e;1874070;'sous-race';1;
e;65605;'vivisection';1;
e;56183;'Rampur';1;
e;2231779;'mâne';1;
e;2262109;'ratatinage';1;
e;2319634;'cooker';1;
e;404844;'Blyton';1;
e;2051704;'hyènes';2;
e;51834;'agilité';1;
e;1761286;'agility';1;
e;402988;'vulpinus';1;
e;2360369;'nogaï';1;
e;2373767;'éléphantidé';1;
e;2410393;'Nogaï';1;
e;2595202;'Galibis';777;
e;2595203;'Karib';777;
e;2430557;'galibi';1;
e;2437820;'Cheylade';1;
e;2441343;'Briard';1;
e;2602102;'aurochs-reconstitué';777;
e;2453155;'antispéciste';1;
e;2454628;'Etalon';1;
e;2608380;'nahual';777;
e;2608381;'nagual';777;
e;2467924;'nahualisme';1;
e;2472286;'espécisme';1;
e;2477312;'gentiléen';1;
e;2573599;'Alano';1;
e;2491034;'Chabrillan';1;
e;2491357;'hippologue';1;
e;2496754;'Hondelange';1;
e;2517877;'Plouénan';1;
e;2525252;'mazuc';1;
e;2926072;'Téviec';777;
e;2936712;'Béé';777;
e;2936713;'Doudou';777;
e;2943650;'Kabîr';777;
e;2951230;'bigdog';777;
e;2951231;'BigDog';1;
e;2952638;'féralisation';777;
e;2957459;'Manes';1;
e;2961653;'Sibylline';1;
e;3178807;'Chacal';777;
e;2565906;'cynocéphalie';1;
e;2579217;'Mouk';1;
e;143171;'Photomaton';1;
e;51617;'gestation';1;
e;267656;'NAC';1;
e;80820;'cannabis';1;
e;411314;'Programme';1;
e;406259;'Danois';1;
e;3684561;'Marsupialia';1;
e;1832054;'diéthylcarbamazine';1;
e;5951228;'Sélection';1;
e;88598;'cynophagie';1;
e;131968;'Ségeste';1;
e;231153;'Avalon';1;
e;5620389;'gaegogi';777;
e;5634265;'barf';777;
e;132144;'ergot';1;
e;5669792;'Genibo';777;
e;412802;'Dato';1;
e;107710;'stop';1;
e;5628293;'M95';1;
e;139016;'Antidote';1;
e;5680830;'Barbet';1;
e;5688020;'arbet';777;
e;5794182;'bosintang';777;
e;5798320;'chocapic';777;
e;5808358;'Loukániko';777;
e;79841;'Garfield';1;
e;162005;'Oscar';1;
e;52862;'bicolore';1;
e;5809346;'particolore';777;
e;22077;'ambre';1;
e;5809371;'x-color';777;
e;5809465;'bludzee';777;
e;5811033;'lyssavirus';777;
e;5817893;'Cheyletidae';777;
e;5818175;'cheyletiellose';777;
e;5828822;'Saksang';777;
e;5828823;'Sa-sang';777;
e;5831203;'sémustine';777;
e;23682;'grossesse';1;
e;5838499;'virbac';777;
e;3332725;'Weka';777;
e;5873076;'Ocydrome';777;
e;12093;'Procyon';1;
e;5893033;'cynotechnie';777;
e;44342;'dit';1;
e;167033;'Scoubidou';1;
e;5893310;'rogue-like';777;
e;5893394;'rétroéternuement';777;
e;10861;'Merle';1;
e;5893799;'teremok';777;
e;3879361;'coywolf';1;
e;4290377;'coyloup';777;
e;417949;'Taenia';1;
e;5897706;'Azaghar';777;
e;103874;'filage';1;
e;5926647;'chupacabra';777;
e;266265;'Goofy';1;
e;152537;'recyclé';1;
e;5933371;'Préhistoire';1;
e;5960594;'Gaspode';777;
e;5875293;'Rhynochetidae';1;
e;5981404;'Storsjöodjuret';777;
e;50567;'agriculture';1;
e;407945;'Crocs';1;
e;3379165;'Sedna';1;
e;35717;'Attila';1;
e;18007;'néolithique';1;
e;6527881;'tauroctonie';777;
e;6528654;'grabouillon';777;
e;142894;'pie';1;
e;52109;'épicène';1;
e;9946106;'Lyssavirus';1;
e;9832314;'Banjo-Kazooie';777;
e;250179;'Basil';1;
e;5676687;'Trio';1;
e;223031;'éléphants';1;
e;89850;'phénobarbital';1;
e;73878;'homologie';1;
e;418352;'homologues';1;
e;10003790;'Demi-frères';777;
e;167067;'Clémentine';1;
e;10032521;'nokhoi';777;
e;5919053;'eni';777;
e;148754;'javel';1;
e;10743471;'yakari';777;
e;10963126;'wofi';777;
e;10963125;'wladimyr';777;
e;36393;'Fry';1;
e;10314443;'crocotta';777;
e;10314444;'corocotta';777;
e;10314445;'leucrotta';777;
e;10314446;'yena';777;
e;10346970;'K-9';777;
e;2573078;'Cosmo';1;
e;10457908;'ENI';1;
e;10557575;'Zaytoun';777;
e;10583793;'Bhimbetka';777;
e;1530;'incendie';1;
e;10602496;'michat-michien';777;
e;10192083;'Grabouillon';1;
e;9248240;'huan';777;
e;5561394;'LNH';777;
e;5562947;'LAH';777;
e;2407839;'paléolithicien';1;
e;10866199;'Frisquet';777;
e;160786;'personnages';1;
e;10996537;'fraispertuis-city';777;
e;2447345;'shikoku';1;
e;11002676;'kochi-ken';777;
e;416728;'Alaskan';1;
e;30472;'titres';1;
e;66372;'texte';1;
e;56362;'gras';1;
e;136284;'italique';1;
e;191712;'citations';1;
e;146823;'tableaux';1;
e;8571113;'Vulnérable';777;
e;11033041;'Toukaram';777;
e;2529207;'potlach';1;
e;121405;'Basse-Terre';1;
e;11091329;'animal-totem';777;
e;11100880;'sous-races';777;
e;11147839;'peryton';777;
e;11159015;'Xianbei';777;
e;76815;'Arvernes';1;
e;11302159;'graminivore';777;
e;11303755;'demento';777;
e;11330430;'khiamien';777;
e;3976869;'Rottweil';1;
e;187136;'DEC';1;
e;145861;'Pluton';1;
e;10845594;'Bergamo';1;
e;274709;'Cichlidae';777;
e;94460;'cichlidés';1;
e;11377792;'petplay';777;
e;313775;'FDR';1;
e;11409917;'dacentrurus';777;
e;11410033;'Dacentrurus';1;
e;5817881;'Dermanyssus';777;
e;11455613;'Nasca';777;
e;90348;'réflexe';1;
e;11695780;'altriciale';777;
e;5870849;'Cichlidés';1;
e;11831551;'xolotl';777;
e;11832102;'Xolotl';1;
e;415622;'vairons';1;
e;51456;'pers';1;
e;430894;'Tracks';1;
e;3178063;'Morlocks';1;
e;12302315;'super-espèce';777;
e;3885;'agrégat';1;
e;431820;'Animaux';1;
e;12626363;'diphallia';777;
e;12626364;'diphallie';777;
e;229659;'warrigal';1;
e;2441740;'Saucisse';1;
e;12736695;'lufénurone';777;
e;12985976;'roguelite';777;
e;86229;'béarnaise';1;
e;156537;'combats';1;
e;5687289;'Adaev';777;
e;13590993;'rapidshare';777;
e;218345;'métamorphe';1;
e;2466759;'monogastrique';1;
e;2964872;'Diminutif';777;
e;145998;'Coeur';1;
e;174249;'Canicule';1;
e;14048584;'Mânes';777;
e;5881718;'Chiot';1;
e;14094297;'paganacciu';777;
e;14095274;'Bringé';777;
e;212774;'Wikipédia';666;
e;410189;'Dent';1;
e;84939;'coton';1;
e;144965;'Coton';1;
e;12305152;'P99';1;
e;14382086;'P22';777;
e;9770;'York';1;
e;2693;'bothriocéphalose';1;
e;408421;'Carte';1;
e;143989;'timbre';1;
e;418673;'Sons';1;
e;405989;'Acoustique';1;
e;138404;'Marc';1;
e;14539326;'G-1';777;
e;100339;'Thierry';1;
e;10965055;'G-2';1;
e;397645;'Princesse';1;
e;14539327;'G-3';777;
e;14539640;'ibylline';777;
e;14540684;'Bibo-Lang';777;
e;271059;'Rover';1;
e;924645;'Verticale';1;
e;93932;'horizontale';1;
e;49455;'physiologique';1;
e;67665;'tragus';1;
e;215268;'Golden';1;
e;5538619;'Nansei';1;
e;5538636;'Nanp';1;
e;10913194;'Eni';1;
e;14599401;'Scoobert-Doo';777;
e;423635;'TAC';1;
e;158784;'croyances';1;
e;412353;'Règne';1;
e;9950409;'Regnum';1;
e;13629572;'Embranchement';1;
e;405643;'Division';1;
e;3313761;'Phylum';777;
e;287607;'divisio';777;
e;287867;'classis';777;
e;410845;'Ordo';1;
e;432607;'Familia';1;
e;10943066;'Genus';777;
e;2564620;'bromidrose';1;
e;13785677;'osmidrose';1;
e;14653292;'ozochrotie';777;
e;123288;'festin';1;
e;428452;'adjectifs';1;
e;422016;'adverbes';1;
e;421412;'pronoms';1;
e;14737874;'Angelicum';777;
e;14758345;'Uluzzien';777;
e;2380404;'Aurignacien';1;
e;2511869;'Gravettien';1;
e;14758346;'Épigravettien';777;
e;2469218;'Solutréen';1;
e;14758347;'Protomagdalénien';777;
e;2465995;'Molosse';1;
e;14612119;'Orthocoronavirinæ';777;
e;265692;'coronavirus';1;
e;1855688;'CoV';1;
e;14462667;'Orthocoronavirinae';777;
e;14779134;'alphacoronavirus';777;
e;11839673;'Betacoronavirus';777;
e;14779135;'Gammacoronavirus';777;
e;14871197;'Célébrations';777;
e;15166665;'Westie';777;
e;15166681;'wistar';777;
e;113573;'Lewis';1;
e;15166682;'Sprague-Dawley';777;
e;14481346;'Réduire';777;
e;93667;'raffiner';1;
e;132390;'allégorie';1;
e;10961529;'Réalisation';777;
e;5536286;'Scénario';1;
e;15667922;'Robotick';777;
e;96869;'Wallace';1;
e;47935;'Preston';1;
e;15696280;'dlPFC';777;
e;12261;'latéral';1;
e;2573114;'orbitofrontal';1;
e;112680;'Pythagore';1;
e;2961952;'Uga';1;
e;11081787;'Robotik';777;
e;15465924;'poochie';777;
e;16105775;'Épiclèses';777;
e;1993310;'attributs';2;
e;28462;'Dalila';1;
e;188133;'Aïcha';1;
e;82476;'Chaco';1;
e;161409;'Nina';1;
e;179576;'Junior';1;
e;404677;'Génie';1;
e;40485;'sérothérapie';1;
e;296354;'sérumthérapie';777;
e;16158211;'plasmothérapie';777;
e;118466;'séroprophylaxie';1;
e;173425;'syldave';1;
e;81739;'George';1;
