e;150;'chat';1;
e;126;'barbillon';1;
e;237;'objet';1;
e;267;'Histoire';1;
e;398;'contacter';1;
e;936;'bélier';1;
e;1125;'loup';1;
e;2288;'internaute';1;
e;2546;'physiologie';1;
e;2642;'péter';1;
e;2832;'causette';1;
e;3674;'botanique';1;
e;4455;'chien';1;
e;4653;'courir';1;
e;4865;'portée';1;
e;5425;'machine';1;
e;5814;'animalerie';1;
e;6605;'instrument';1;
e;6910;'coque';1;
e;7100;'biquet';1;
e;7225;'litière';1;
e;7742;'discuter';1;
e;8113;'vulve';1;
e;8572;'enroué';1;
e;8990;'patte';1;
e;9159;'siamois';1;
e;9374;'greffier';1;
e;9780;'engin';1;
e;10595;'malade';1;
e;10709;'mimi';1;
e;11191;'chatte';1;
e;11379;'ocelot';1;
e;11567;'taxonomie';1;
e;12105;'communication';1;
e;12655;'danger';1;
e;13369;'être';1;
e;13423;'rude';1;
e;14921;'minon';1;
e;15196;'blanc';1;
e;15493;'silure';1;
e;15670;'Alice';1;
e;16033;'cuisine';1;
e;16110;'bouche';1;
e;17320;'régate';1;
e;17559;'animal';1;
e;17637;'messagerie';1;
e;18412;'élevage';1;
e;18843;'artefact';1;
e;19356;'sexe';1;
e;20164;'lapin';1;
e;20307;'câlin';1;
e;20713;'planète';1;
e;22113;'dialoguer';1;
e;22467;'voiles';1;
e;22576;'catapulte';1;
e;25019;'prédateur';1;
e;26363;'bras';1;
e;26607;'mou';1;
e;27266;'discussion';1;
e;28184;'échange';1;
e;28337;'grappin';1;
e;28663;'minéralogie';1;
e;29326;'domestiqué';1;
e;29899;'lièvre';1;
e;30171;'navire';1;
e;30410;'perché';1;
e;30459;'chasseur';1;
e;30584;'château';1;
e;30810;'yacht';1;
e;30843;'outil';1;
e;31424;'fauve';1;
e;32375;'Simon';1;
e;32645;'tabagisme';1;
e;32851;'mammifères';1;
e;34460;'synapsides';1;
e;34527;'enfants';1;
e;34549;'Tom';1;
e;34898;'pied';1;
e;35143;'biologie';1;
e;35891;'chartreux';1;
e;35999;'fumer';1;
e;36886;'faune';1;
e;37935;'abyssin';1;
e;38245;'voilier';1;
e;38710;'littérature';1;
e;38723;'grignoter';1;
e;39053;'tag';1;
e;39101;'bête';1;
e;39525;'chatter';1;
e;39895;'poursuivre';1;
e;40184;'siège';1;
e;40545;'truffe';1;
e;41476;'meute';1;
e;43106;'bruit';1;
e;43253;'dormir';1;
e;43404;'porter';1;
e;43839;'roue';1;
e;44160;'branchie';1;
e;44335;'organe';1;
e;44663;'réseau';1;
e;45179;'maison';1;
e;45844;'veine';1;
e;46164;'carnivores';1;
e;46742;'logiciel';1;
e;47073;'compagnon';1;
e;47200;'serval';1;
e;47540;'miauler';1;
e;47918;'boire';1;
e;48203;'chatière';1;
e;48496;'sauvage';1;
e;48550;'graillement';1;
e;48855;'carnivore';1;
e;48860;'poupe';1;
e;50567;'agriculture';1;
e;50739;'caresser';1;
e;50747;'muraille';1;
e;50751;'ouïe';1;
e;50889;'gris';1;
e;51073;'tabagie';1;
e;51393;'margay';1;
e;52119;'langue';1;
e;52141;'proue';1;
e;52255;'arbre';1;
e;52413;'carnassier';1;
e;52713;'poisson-chat';1;
e;53145;'aiguille';1;
e;53314;'jeu';1;
e;53455;'déféquer';1;
e;54097;'demander';1;
e;54794;'eucaryote';1;
e;55001;'ronronner';1;
e;55823;'métazoaire';1;
e;57444;'chaton';1;
e;57815;'extinction';1;
e;57933;'guerre';1;
e;58646;'lynx';1;
e;58768;'organisme';1;
e;59678;'compagnie';1;
e;60226;'Kitty';1;
e;60361;'loisirs';1;
e;60448;'mâle';1;
e;61061;'Égypte';1;
e;61490;'femme';1;
e;61835;'chair';1;
e;63235;'mammifère';1;
e;63309;'rat';1;
e;63738;'patience';1;
e;64238;'noir';1;
e;64313;'abdomen';1;
e;64354;'mamelles';1;
e;64650;'laryngite';1;
e;65139;'chargement';1;
e;65524;'bâtiment';1;
e;65526;'bataille';1;
e;65596;'mistigri';1;
e;66069;'larynx';1;
e;67368;'mécanique';1;
e;67946;'peste';1;
e;68467;'poisson';1;
e;68577;'tendon';1;
e;68822;'gouttière';1;
e;68883;'agronomie';1;
e;70465;'minet';1;
e;70903;'graillonnement';1;
e;71026;'flanc';1;
e;71539;'animaux';1;
e;72499;'rétine';1;
e;72599;'draguer';1;
e;72895;'rencontre';1;
e;72984;'graillonner';1;
e;73703;'inflorescence';1;
e;73827;'voler';1;
e;74183;'doux';1;
e;74259;'cassé';1;
e;74846;'corps';1;
e;75266;'langage';1;
e;76247;'vétérinaire';1;
e;77008;'yeux';1;
e;77424;'oeil';1;
e;77890;'matou';1;
e;77938;'flair';1;
e;78635;'pousser';1;
e;78768;'chasser';1;
e;79080;'Azraël';1;
e;79526;'birman';1;
e;79841;'Garfield';1;
e;79896;'tousser';1;
e;80990;'motte';1;
e;81027;'félidés';1;
e;81664;'manul';1;
e;81852;'rauque';1;
e;81934;'main';1;
e;82231;'félidé';1;
e;82900;'toucher';1;
e;83881;'pâtée';1;
e;84399;'puce';1;
e;84796;'raucité';1;
e;24646;'attraper';1;
e;84799;'griffure';1;
e;24742;'cinéma';1;
e;86296;'lait';1;
e;86554;'rhino-pharyngite';1;
e;86640;'vertébré';1;
e;87221;'griffer';1;
e;88035;'pharynx';1;
e;88269;'apprivoisé';1;
e;87639;'grippeminaud';1;
e;90075;'chambre';1;
e;91657;'nutrition';1;
e;90968;'Lorraine';1;
e;91356;'pont';1;
e;91794;'tétrapode';1;
e;92461;'fumeur';1;
e;92078;'quémander';1;
e;93045;'patte-pelu';1;
e;93056;'enfance';1;
e;93068;'enrouement';1;
e;95256;'queue';1;
e;94978;'ordinateur';1;
e;96211;'coeur';1;
e;95422;'cou';1;
e;96256;'bois';1;
e;96431;'chasse-marée';1;
e;96768;'Félix';1;
e;96574;'angora';1;
e;97643;'raminagrobis';1;
e;98263;'haret';1;
e;100478;'miaulement';1;
e;101018;'gnathostome';1;
e;101601;'rencontrer';1;
e;101901;'anus';1;
e;102640;'causer';1;
e;103008;'vagin';1;
e;103416;'euthérien';1;
e;104695;'croquette';1;
e;105381;'caresse';1;
e;105823;'vomi';1;
e;105784;'chatterie';1;
e;106265;'appareil';1;
e;106404;'ichtyologie';1;
e;106409;'enfantin';1;
e;106970;'caisse';1;
e;106562;'thorax';1;
e;107150;'bateau';1;
e;107689;'poilu';1;
e;108062;'placentaire';1;
e;108463;'ventre';1;
e;109527;'chose';1;
e;108750;'poissons';1;
e;109638;'fourrure';1;
e;109899;'artillerie';1;
e;110160;'robe';1;
e;110390;'aphonie';1;
e;110773;'amniote';1;
e;112511;'quadrupède';1;
e;113743;'port';1;
e;112628;'conversation';1;
e;113325;'minou';1;
e;113767;'monter';1;
e;114133;'rapidité';1;
e;113902;'alimentation';1;
e;114414;'domestiquer';1;
e;114984;'branchies';1;
e;114904;'toux';1;
e;114764;'gamelle';1;
e;115304;'deutérostomien';1;
e;115556;'moumoute';1;
e;115352;'griffe';1;
e;115919;'pisser';1;
e;116032;'félin';1;
e;116477;'personne';1;
e;116586;'poliorcétique';1;
e;116746;'vomir';1;
e;116980;'squelette';1;
e;117359;'canari';1;
e;117095;'zoologie';1;
e;117789;'moustache';1;
e;118057;'râpeux';1;
e;117861;'trébuchet';1;
e;118539;'poils';1;
e;119520;'chier';1;
e;119048;'souple';1;
e;119970;'guttural';1;
e;120344;'cabotage';1;
e;120325;'miaou';1;
e;121057;'taches';1;
e;122815;'chat-pard';1;
e;121539;'enrouer';1;
e;123430;'jeux';1;
e;123534;'baliste';1;
e;123041;'indépendant';1;
e;123745;'véhicule';1;
e;123933;'entité';1;
e;124094;'enfant';1;
e;125120;'toilettage';1;
e;124941;'pornographie';1;
e;125767;'once';1;
e;126285;'dos';1;
e;126068;'chat-tigre';1;
e;126388;'articulation';1;
e;128209;'jouer';1;
e;128961;'mignon';1;
e;128972;'poursuite';1;
e;129054;'éraillé';1;
e;130164;'manger';1;
e;130716;'persan';1;
e;130737;'cache-cache';1;
e;130882;'ronron';1;
e;131028;'déchargement';1;
e;131796;'rocailleux';1;
e;133921;'dentition';1;
e;133674;'ronronnement';1;
e;135127;'aphone';1;
e;135412;'systématique';1;
e;135591;'poil';1;
e;135985;'sieste';1;
e;136293;'châssis';1;
e;136762;'gencives';1;
e;137333;'tigre';1;
e;137805;'dialogue';1;
e;138092;'pelage';1;
e;138187;'internet';1;
e;139768;'artéfact';1;
e;139779;'ADN';1;
e;139386;'observer';1;
e;140089;'Sylvestre';1;
e;139833;'récréation';1;
e;140176;'oiseau';1;
e;141018;'rhume';1;
e;141168;'domestique';1;
e;140715;'jambes';1;
e;142086;'jambe';1;
e;142235;'Félidés';1;
e;142602;'cordé';1;
e;142097;'Hercule';1;
e;143206;'tigré';1;
e;142832;'souris';1;
e;143539;'allège';1;
e;143669;'vertébrés';1;
e;143712;'marine';1;
e;144846;'tête';1;
e;145360;'race';1;
e;145498;'femmes';1;
e;145953;'visage';1;
e;145622;'cordes';1;
e;146066;'tombe';1;
e;146105;'mer';1;
e;146367;'histoire';1;
e;146792;'Egypte';1;
e;147184;'dents';1;
e;146844;'egypte';1;
e;149223;'moustaches';1;
e;148387;'griffes';1;
e;148108;'roues';1;
e;149225;'moyen-âge';1;
e;149496;'palatine';1;
e;150903;'téléostome';1;
e;151493;'égypte';1;
e;151497;'calin';1;
e;151850;'Anatomie';1;
e;151907;'Biologie';1;
e;151867;'pattes';1;
e;152578;'Vétérinaire';1;
e;152125;'Zoologie';1;
e;152397;'Elevage';1;
e;152802;'chats';1;
e;152946;'arêtes';1;
e;152868;'msn';1;
e;153014;'MSN';1;
e;153082;'Physiologie';1;
e;153348;'smiley';1;
e;153845;'Minéralogie';1;
e;153852;'félix';1;
e;154765;'chatons';1;
e;155445;'émoticon';1;
e;155274;'chattière';1;
e;156371;'mamifère';1;
e;155779;'véhicules';1;
e;155517;'mdr';1;
e;157132;'félins';1;
e;157283;'lieu>134218';1;248;'lieu>endroit'
e;159983;'chambres';1;
e;159058;'angorra';1;
e;161565;'foufoune';1;
e;161628;'croquettes';1;
e;162005;'Oscar';1;
e;164433;'canines';1;
e;165400;'rayures';1;
e;166229;'tchater';1;
e;168167;'saumonette';1;
e;175314;'Chat';1;
e;175320;'chat-cervier';1;
e;175647;'Ichthyologie';1;
e;176301;'clavardoir';1;
e;187279;'roubignoles';1;
e;213377;'souris>71115';1;134;'souris>rongeur'
e;212776;'Lapin';666;
e;213441;'coque>107150';1;18;'coque>bateau'
e;213567;'chatte>19356';1;82;'chatte>sexe'
e;213568;'chatte>150';1;100;'chatte>chat'
e;213644;'os>116980';1;380;'os>squelette'
e;213678;'puce>213676';1;28;'puce>insecte parasite'
e;213624;'siège>40304';1;16;'siège>blocus'
e;213757;'loup>140704';1;2;'loup>jeu d'
e;213940;'rat>71115';1;164;'rat>rongeur'
e;214059;'chien>63235';1;618;'chien>mammifère'
e;214225;'bâtiment>30171';1;24;'bâtiment>navire'
e;214300;'truffe>107477';1;10;'truffe>nez'
e;214340;'robe>138092';1;72;'robe>pelage'
e;214602;'queue>214624';1;72;'queue>queue d'
e;214939;'noir>40056';1;208;'noir>couleur'
e;215135;'griffe>141705';1;54;'griffe>ongle'
e;215208;'sphynx>150';1;50;'sphynx>chat'
e;215800;'bête>17559';1;96;'bête>animal'
e;215851;'son>43106';1;200;'son>bruit'
e;216119;'greffier>150';1;16;'greffier>chat'
e;216141;'mou>103791';1;52;'mou>poumon'
e;216686;'gorge>112609';1;40;'gorge>anatomie'
e;217644;'chaton>150';1;70;'chaton>chat'
e;217629;'CHAT';1;
e;218007;'minet>150';1;16;'minet>chat'
e;218057;'lait>114637';1;270;'lait>aliment'
e;218193;'once>116032';1;54;'once>félin'
e;218905;'faune>71539';1;22;'faune>animaux'
e;218888;'pont>30171';1;18;'pont>navire'
e;218940;'poisson>17559';1;570;'poisson>animal'
e;219554;'persan>150';1;50;'persan>chat'
e;220013;'femme>4333487';1;742;'femme>être humain de sexe féminin'
e;219714;'draguer>108071';1;152;'draguer>séduire'
e;220038;'siamois>150';1;20;'siamois>chat'
e;221019;'bouche>112609';1;202;'bouche>anatomie'
e;221711;'angora>150';1;18;'angora>chat'
e;222595;'mâchoire>112609';1;50;'mâchoire>anatomie'
e;225126;'croquette>224363';1;36;'croquette>nourriture pour animaux'
e;225128;'fourrure>120949';1;26;'fourrure>vêtement'
e;225316;'JDM';1;
e;225604;'foie>112609';1;132;'foie>anatomie'
e;145569;'gorge';1;
e;225788;'mistigri>150';1;56;'mistigri>chat'
e;225847;'organisme>71624';1;88;'organisme>être vivant'
e;226535;'récré';1;
e;228289;'sexe>218086';1;248;'sexe>organe sexuel'
e;227036;'instrument>30843';1;44;'instrument>outil'
e;229001;'tigre>82231';1;84;'tigre>félidé'
e;231575;'chat-château';1;
e;233109;'appareil>112609';1;50;'appareil>anatomie'
e;233133;'animal>117095';1;784;'animal>zoologie'
e;233151;'jeu>98630';1;314;'jeu>divertissement'
e;233261;'roue>123745';1;84;'roue>véhicule'
e;233450;'crâne>144846';1;58;'crâne>tête'
e;233739;'bélier>203247';1;52;'bélier>machine de guerre'
e;233839;'ronronner>150';1;28;'ronronner>chat'
e;237445;'être>68439';1;32;'être>individu'
e;237782;'domestique>88269';1;68;'domestique>apprivoisé'
e;238518;'peau>112609';1;264;'peau>anatomie'
e;240075;'minou>150';1;24;'minou>chat'
e;240590;'arête>68467';1;16;'arête>poisson'
e;240720;'squelette>112609';1;146;'squelette>anatomie'
e;241352;'ventre>112609';1;86;'ventre>anatomie'
e;241639;'porter>120949';1;66;'porter>vêtement'
e;243696;'vibrisse>117789';1;50;'vibrisse>moustache'
e;245893;'moustache>117095';1;10;'moustache>zoologie'
e;245947;'litière>152150';1;66;'litière>animal de compagnie'
e;246797;'biologie>246796';1;112;'biologie>étude du vivant'
e;246870;'objet>109527';1;184;'objet>chose'
e;247024;'félin>17559';1;62;'félin>animal'
e;248081;'chordé';1;
e;248455;'machine>106265';1;44;'machine>appareil'
e;225934;'oeil>330323';1;186;'oeil>organe de la vue'
e;249860;'chartreux>150';1;50;'chartreux>chat'
e;251982;'échange>12105';1;16;'échange>communication'
e;251977;'discuter>108900';1;42;'discuter>converser'
e;253867;'minette>11191';1;2;'minette>chatte'
e;261225;'pattes>248747';1;56;'pattes>membres inférieurs'
e;264598;'prédateur>117095';1;50;'prédateur>zoologie'
e;264880;'bilatérien';1;
e;264881;'crânié';1;
e;264908;'eumétazoaire';1;
e;265226;'thérien';1;
e;265220;'épineurien';1;
e;265176;'ichthyologie';1;
e;265277;'crâniate';1;
e;265839;'synapside';1;
e;267386;'manx';1;
e;268963;'matou>150';1;22;'matou>chat'
e;306270;'trappe-trappe';777;
e;306271;'touche-touche';777;
e;317213;'carnivore>178691';1;44;'carnivore>régime alimentaire'
e;309048;'cat';777;
e;315808;'Hercule>50100';1;4;'Hercule>Pif le chien'
e;317214;'carnivore>24679';1;24;'carnivore>taxon'
e;321837;'pâtée>224363';1;74;'pâtée>nourriture pour animaux'
e;317929;'olfactorien';1;
e;325195;'extinction>102206';1;52;'extinction>médecine'
e;325728;'uniconte';1;
e;325731;'opisthoconte';1;
e;325736;'holozoaire';1;
e;325738;'filozoaire';1;
e;330964;'cordé>117095';1;36;'cordé>zoologie'
e;325741;'choanobionte';1;
e;329657;'choano-organisme';1;
e;331030;'féliforme';1;
e;390797;'tonkinois>150';1;50;'tonkinois>chat'
e;391581;'féliné';1;
e;331034;'féloïdé';1;
e;396042;'tétrapode>86640';1;50;'tétrapode>vertébré'
e;396149;'cynodonte';1;
e;401288;'barbillons';1;
e;424871;'assault';1;
e;436343;'carnassier>48855';1;60;'carnassier>carnivore'
e;578195;'haret>171870';1;0;
e;593726;'mimi>171870';1;0;
e;613175;'Lorraine>312133';1;0;'Lorraine>région française'
e;1395235;'être>171870';1;0;
e;1636805;'oeil>44335';1;50;'oeil>organe'
e;1687053;'félin>171870';1;0;
e;1784645;'fatigué>10595';1;4;'fatigué>malade'
e;2225365;'miaule';2;
e;2366595;'clavardeur';1;
e;2404807;'Grippeminaud';1;
e;2471516;'grapin';1;
e;2464206;'quadripède';1;
e;2512869;'Raminagrobis';1;
e;2533445;'enroûment';1;
e;2538325;'bronchies';1;
e;2549242;'Bébert';1;
e;2801975;'outil>6605';1;62;'outil>instrument'
e;2809558;'moumoute>150';1;0;'moumoute>chat'
e;3176447;'ronron>43106';1;2;'ronron>bruit'
e;3179812;'mâle>262037';1;56;'mâle>de sexe masculin'
e;5387095;'fumeur>35999';1;48;'fumeur>fumer'
e;3232343;'causette>23419';1;2;'causette>causerie'
e;5560936;'Maru';1;
e;9264564;'chat>116032';1;18;'chat>félin'
e;10196565;'tague';777;
e;10899784;'Alice>10756';1;0;'Alice>personnage'
e;11147637;'cou>112609';1;6;'cou>anatomie'
e;2521085;'catrole';1;
e;11220545;'chasseur>25019';1;4;'chasseur>prédateur'
e;11220589;'compagnon>17559';1;0;'compagnon>animal'
e;153298;'tchat';1;
e;176298;'clavardage';1;
e;213466;'chat>63235';1;628;'chat>mammifère'
e;213467;'chat>234460';1;86;'chat>communication textuelle'
e;213468;'chat>53314';1;2;'chat>jeu'
e;258956;'chat>258955';1;50;'chat>machine de siège'
e;316437;'chat>93068';1;50;'chat>enrouement'
e;330570;'chat>215126';1;4;'chat>sexe de la femme'
e;2667666;'chat>143712';1;0;'chat>marine'
e;330571;'chat>68467';1;62;'chat>poisson'
e;2667668;'chat>149496';1;0;'chat>palatine'
e;2667669;'chat>109899';1;0;'chat>artillerie'
e;39340;'taxinomie';1;
e;112609;'anatomie';1;
e;2404725;'taxionomie';1;
e;175720;'Mammalia';1;
e;4227793;'taxéonomie';1;
e;68439;'individu';1;
e;38788;'espèce';1;
e;71115;'rongeur';1;
e;71926;'insecte';1;
e;74860;'homme';1;
e;84233;'téléostéen';1;
e;87789;'coelomate';1;
e;91153;'serpent';1;
e;128966;'fissipède';1;
e;135190;'lieu';1;
e;145083;'siluriforme';1;
e;157007;'être>146885';1;50;
e;157284;'lieu>68467';1;58;'lieu>poisson'
e;214231;'chasseur>87925';1;26;'chasseur>aviation'
e;214872;'voilier>107150';1;108;'voilier>bateau'
e;228723;'compagnon>105525';1;4;'compagnon>concubin'
e;225916;'personne>24956';1;682;'personne>être humain'
e;265175;'ostéichtyen';1;
e;262002;'actinoptérygien';1;
e;265174;'ostéichthyen';1;
e;305073;'griff';777;
e;329645;'ostéïchtyen';1;
e;331070;'néoptérygien';1;
e;390851;'téléostomien';1;
e;391009;'célomate';1;
e;391010;'coelomé';1;
e;396146;'thérapside';1;
e;6737046;'fauve>17559';1;30;'fauve>animal'
e;3674598;'actinoptère';1;
e;2801976;'outil>68467';1;0;'outil>poisson'
e;2500;'somali';1;
e;13562;'maraud';1;
e;14048;'highlander';1;
e;15876;'Tiffany';1;
e;29278;'tonkinois';1;
e;34366;'sibérien';1;
e;36679;'himalayen';1;
e;39377;'minette';1;
e;53957;'safari';1;
e;73205;'mandarin';1;
e;56698;'chantilly';1;
e;75419;'seychellois';1;
e;92372;'Serengeti';1;
e;76929;'Savannah';1;
e;113084;'thaï';1;
e;127070;'chinchilla';1;
e;126757;'Bombay';1;
e;140851;'Chantilly';1;
e;145670;'sphinx';1;
e;147474;'balinais';1;
e;155192;'ceylan';1;
e;151897;'sphynx';1;
e;166755;'Highlander';1;
e;168223;'chaus';1;
e;173408;'Siamois';1;
e;181474;'chat-parde';1;
e;208188;'Sibérien';1;
e;215207;'sphynx>145670';1;50;'sphynx>sphinx'
e;236018;'Munchkin';1;
e;232163;'Thaï';1;
e;404463;'Chartreux';1;
e;1761533;'birmans';1;
e;464997;'Persan';1;
e;1854647;'Snowshoe';1;
e;2323902;'chat-léopard';1;
e;2360117;'chat-bite';1;
e;2365558;'tiffany';1;
e;2389138;'ragdoll';1;
e;2399133;'chausie';1;
e;2413561;'Balinais';1;
e;2431871;'puhu';1;
e;2437074;'donskoy';1;
e;2419719;'chat-rochier';1;
e;2437565;'savannah';1;
e;2453226;'burmilla';1;
e;2438967;'Seychellois';1;
e;2459199;'munchkin';1;
e;2462071;'Somali';1;
e;2469232;'serengeti';1;
e;2480279;'asian';1;
e;2483089;'singapura';1;
e;2487798;'miron';1;
e;2506510;'laPerm';1;
e;2499753;'bengal';1;
e;2505055;'nebelung';1;
e;2510433;'peterbald';1;
e;2510580;'burmese';1;
e;2520403;'snowshoe';1;
e;2521039;'korat';1;
e;2522197;'ocicat';1;
e;2528934;'sokoké';1;
e;2536052;'bombay';1;
e;2542036;'pixie-bob';1;
e;2566215;'cymric';1;
e;2621672;'mandragot';777;
e;2682450;'sphinx>150';1;0;'sphinx>chat'
e;2840192;'chinchilla>150';1;0;'chinchilla>chat'
e;2926724;'Sphynx';777;
e;3266418;'anatoli';777;
e;3301365;'Azraël>150';1;0;'Azraël>chat'
e;3322289;'ragdoll>150';1;0;'ragdoll>chat'
e;5558161;'Wilberforce';1;
e;5809207;'ragamuffin';777;
e;5809085;'Madchat';777;
e;5809251;'toyger';777;
e;5809332;'skookum';777;
e;5809334;'hyperdactyle';777;
e;5809343;'Orangey';777;
e;5809367;'Capalus';777;
e;5809366;'Capalu';777;
e;5809472;'minskin';777;
e;5952256;'Bengal';1;
e;5881607;'Mandarin';1;
e;5996476;'Manx';1;
e;10444401;'Asian';1;
e;10551291;'Donskoy';1;
e;11554411;'Singapura';1;
e;12698635;'Korat';1;
e;14049930;'Burmese';1;
e;14049931;'Burmilla';1;
e;14049934;'Chausie';1;
e;14049937;'Cymric';1;
e;14049944;'Himalayen';1;
e;14049945;'LaPerm';1;
e;14049947;'Minskin';1;
e;14049948;'Nebelung';1;
e;14049950;'Ocicat';1;
e;14049953;'Peterbald';1;
e;14049954;'Pixie-bob';1;
e;14049955;'Ragamuffin';1;
e;14049956;'Ragdoll';1;
e;14049959;'Skookum';1;
e;14049960;'Sokoké';1;
e;14049961;'Tonkinois';1;
e;14049962;'Toyger';1;
e;14303418;'Garfield>10756';1;0;'Garfield>personnage'
e;626;'peur';1;
e;12566;'mamelle';1;
e;2680;'sang';1;
e;2686;'ténacité';1;
e;12684;'pupille';1;
e;13115;'mâchoire';1;
e;16747;'adn';1;
e;22889;'intestin';1;
e;26062;'branche';1;
e;32735;'poumons';1;
e;39031;'cerveau';1;
e;41005;'maxillaire';1;
e;45635;'rein';1;
e;43827;'écailles';1;
e;45738;'vibrisse';1;
e;58404;'canine';1;
e;56280;'oreille';1;
e;58876;'cuisse';1;
e;63026;'vertèbres';1;
e;60902;'dent';1;
e;71864;'museau';1;
e;74082;'nageoire';1;
e;72657;'reins';1;
e;74558;'os';1;
e;76046;'oreilles';1;
e;77727;'gueule';1;
e;82022;'boyaux';1;
e;83944;'nerf';1;
e;86561;'crâne';1;
e;90273;'iris';1;
e;92955;'plumes';1;
e;97634;'croc';1;
e;101938;'estomac';1;
e;103057;'cellule';1;
e;103791;'poumon';1;
e;105041;'narine';1;
e;107477;'nez';1;
e;109785;'peau';1;
e;114420;'artère';1;
e;115155;'foie';1;
e;117584;'garrot';1;
e;120353;'branches';1;
e;122139;'naseau';1;
e;124771;'parole';1;
e;125745;'coussinet';1;
e;130812;'ARN';1;
e;135652;'viscères';1;
e;139467;'cale';1;
e;139578;'muscle';1;
e;141796;'tache';1;
e;141814;'vertèbre';1;
e;141949;'côte';1;
e;147161;'crocs';1;
e;148105;'ailes';1;
e;149413;'organes';1;
e;152711;'nageoires';1;
e;174176;'spine';1;
e;159898;'garot';1;
e;213393;'voile>54059';1;126;'voile>gréement'
e;213792;'coeur>213791';1;156;'coeur>organe musculaire'
e;214988;'langue>213791';1;234;'langue>organe musculaire'
e;215534;'cellule>35143';1;130;'cellule>biologie'
e;213977;'bassin>112609';1;18;'bassin>anatomie'
e;215758;'gueule>215755';1;14;'gueule>bouche animale'
e;216283;'dent>45311';1;264;'dent>dentaire'
e;218465;'pupille>77424';1;62;'pupille>oeil'
e;225127;'fourrure>109785';1;120;'fourrure>peau'
e;219363;'corps>112609';1;170;'corps>anatomie'
e;2515299;'Abyssin';1;
e;225756;'dos>112609';1;82;'dos>anatomie'
e;230297;'coussinet>8990';1;10;'coussinet>patte'
e;228513;'sang>86501';1;264;'sang>hémoglobine'
e;232082;'ouïe>68467';1;6;'ouïe>poisson'
e;233445;'skin';1;
e;233138;'tête>390963';1;70;'tête>extrémité supérieure du corps'
e;236940;'estomac>112609';1;100;'estomac>anatomie'
e;237765;'patte>141795';1;56;'patte>membre'
e;241859;'oreille>44335';1;94;'oreille>organe'
e;241862;'oreille>117095';1;50;'oreille>zoologie'
e;242310;'croc>60902';1;14;'croc>dent'
e;258670;'barbillon>108750';1;50;'barbillon>poissons'
e;271596;'intestine';1;
e;323198;'coussinets';1;
e;390927;'tête>112609';1;72;'tête>anatomie'
e;411005;'lung';1;
e;674295;'peau>146885';1;0;
e;175539;'Felidae';1;
e;5984733;'teeth';777;
e;224361;'souris>95245';1;10;'souris>fille'
e;233950;'famille>233949';1;134;'famille>enfants et parents'
e;21583;'oiseau-chat';1;
e;944;'chat-huant';1;
e;249743;'chat-fourré';1;
e;220747;'chat-garou';1;
e;2372762;'requin-chat';1;
e;2396155;'chat-ours';1;
e;2437512;'happe-chat';1;
e;2503096;'étrangle-chat';1;
e;2393389;'chat-chasteil';1;
e;2536976;'chat-brûlé';1;
e;2562899;'chat-huané';1;
e;2606232;'chat-brun';1;
e;5904487;'Requin-chat';1;
e;3484460;'Poisson-chat';1;
e;4533;'fauteuil';1;
e;4920;'savane';1;
e;5955;'parc';1;
e;6890;'voiture';1;
e;7575;'boîte';1;
e;8254;'bureau';1;
e;8922;'pacifique';1;
e;9536;'dehors';1;
e;9664;'océan';1;
e;15210;'villes';1;
e;15828;'mare';1;
e;16614;'poissonnerie';1;
e;20564;'rue';1;
e;27120;'train';1;
e;28722;'cachette';1;
e;29786;'ferme';1;
e;225605;'foie>20965';1;24;'foie>nourriture'
e;34148;'toit';1;
e;34624;'chêne';1;
e;35676;'canapé';1;
e;35729;'coussin';1;
e;39912;'forum';1;
e;42188;'filet';1;
e;43751;'armoire';1;
e;40635;'sac';1;
e;46497;'refuge';1;
e;49154;'rivière';1;
e;52611;'zoo';1;
e;50356;'partout';1;
e;61944;'univers';1;
e;61681;'chalutier';1;
e;62636;'sol';1;
e;64239;'panier';1;
e;66935;'carton';1;
e;65012;'eau';1;
e;69943;'fleuve';1;
e;71578;'lit';1;
e;79444;'campagne';1;
e;73027;'épuisette';1;
e;81046;'tapis';1;
e;83208;'cirque';1;
e;87687;'chenil';1;
e;89591;'table';1;
e;91358;'appartement';1;
e;95605;'champ';1;
e;110301;'étang';1;
e;120416;'grenier';1;
e;132857;'chaise';1;
e;121889;'pré';1;
e;134788;'couloir';1;
e;136786;'ville';1;
e;137391;'Afrique';1;
e;139575;'jardin';1;
e;138184;'Pacifique';1;
e;142636;'ruelle';1;
e;143607;'nature';1;
e;146274;'marché';1;
e;152404;'SPA';1;
e;146632;'forêt';1;
e;213376;'souris>104993';1;56;'souris>informatique'
e;214276;'cuisine>96851';1;358;'cuisine>pièce'
e;213914;'bureau>36899';1;74;'bureau>meuble'
e;215053;'rue>215052';1;230;'rue>voie de circulation'
e;215504;'lit>36899';1;244;'lit>meuble'
e;215720;'voiture>95706';1;814;'voiture>automobile'
e;215721;'voiture>27120';1;32;'voiture>train'
e;215926;'campagne>215924';1;142;'campagne>région rurale'
e;216042;'table>36899';1;214;'table>meuble'
e;216828;'filet>325718';1;22;'filet>réseau de mailles'
e;215971;'fleuve>137865';1;124;'fleuve>cours d'
e;216955;'canapé>40184';1;40;'canapé>siège'
e;217050;'ferme>153875';1;82;'ferme>exploitation agricole'
e;218648;'arbre>136507';1;304;'arbre>végétal'
e;225696;'maison>65524';1;194;'maison>bâtiment'
e;221412;'branche>52255';1;24;'branche>arbre'
e;231316;'rivière>137865';1;116;'rivière>cours d'
e;232537;'écurie>65524';1;24;'écurie>bâtiment'
e;233038;'tapis>81873';1;22;'tapis>carpette'
e;233638;'mer>218698';1;224;'mer>étendue d'
e;233669;'panier>108150';1;56;'panier>contenu'
e;233920;'forum>138187';1;54;'forum>internet'
e;235237;'clavier>94978';1;62;'clavier>ordinateur'
e;14722652;'drap>61092';1;0;'drap>literie'
e;60;'bleu';1;
e;1154;'bonne';1;
e;1101;'pelé';1;
e;1300;'intéressé';1;
e;1384;'vivant';1;
e;4652;'agressif';1;
e;7589;'femelle';1;
e;2472;'tricolore';1;
e;9903;'galeux';1;
e;7781;'blessé';1;
e;12192;'botté';1;
e;15690;'rigolo';1;
e;16550;'inoffensif';1;
e;13035;'paresseux';1;
e;18302;'adulte';1;
e;18687;'nocturne';1;
e;18709;'tranquille';1;
e;21431;'famélique';1;
e;19936;'châtré';1;
e;22262;'solitaire';1;
e;23178;'grand';1;
e;23032;'taquin';1;
e;23574;'leste';1;
e;23917;'aquatique';1;
e;24442;'envahissant';1;
e;28466;'jeune';1;
e;28449;'coupé';1;
e;29744;'moustachu';1;
e;36621;'docile';1;
e;34629;'fier';1;
e;37329;'errant';1;
e;37632;'laid';1;
e;44194;'lette';1;
e;45028;'Gentil';1;
e;44575;'vieux';1;
e;48510;'dangereux';1;
e;50437;'collant';1;
e;49803;'froid';1;
e;50825;'pouilleux';1;
e;52138;'malin';1;
e;52472;'pépère';1;
e;53844;'bagarreur';1;
e;52673;'intelligent';1;
e;54186;'fort';1;
e;55222;'petit';1;
e;54531;'timide';1;
e;55818;'pénible';1;
e;56362;'gras';1;
e;59046;'adorable';1;
e;62084;'gourmand';1;
e;60551;'drôle';1;
e;63293;'débile';1;
e;63821;'trouillard';1;
e;64888;'affamé';1;
e;68727;'maigre';1;
e;68881;'affectueux';1;
e;68474;'opéré';1;
e;72019;'discret';1;
e;74514;'féroce';1;
e;74548;'épuisant';1;
e;75869;'roux';1;
e;74582;'racé';1;
e;79872;'nyctalope';1;
e;81436;'velu';1;
e;81997;'tacheté';1;
e;86356;'rouge';1;
e;82844;'comestible';1;
e;87551;'abandonné';1;
e;88096;'gros';1;
e;89513;'rayé';1;
e;97008;'amusant';1;
e;99164;'peureux';1;
e;99220;'hétérotrophe';1;
e;102204;'rachitique';1;
e;102641;'voleur';1;
e;102869;'efflanqué';1;
e;102953;'espiègle';1;
e;104606;'stérilisé';1;
e;105621;'vivipare';1;
e;106625;'perdu';1;
e;108166;'beau';1;
e;109931;'castré';1;
e;110732;'rapide';1;
e;114365;'agile';1;
e;114580;'élégant';1;
e;114700;'bien';1;
e;118316;'propre';1;
e;120206;'miauleur';1;
e;122864;'mort';1;
e;123948;'fatigant';1;
e;125088;'moche';1;
e;126663;'puant';1;
e;128616;'attachant';1;
e;129732;'puissant';1;
e;131593;'méchant';1;
e;133185;'con';1;
e;133424;'endotherme';1;
e;136128;'craintif';1;
e;139388;'mobile';1;
e;142226;'gentil';1;
e;144635;'déprimé';1;
e;145709;'crevé';1;
e;156975;'noir>146885';1;50;
e;190946;'miaulant';1;
e;215128;'con>95102';1;112;'con>stupide'
e;217380;'blanc>40056';1;196;'blanc>couleur'
e;217659;'ronronnant';1;
e;220349;'roux>40056';1;30;'roux>couleur'
e;222644;'gris>40056';1;54;'gris>couleur'
e;222843;'solitaire>25090';1;74;'solitaire>seul'
e;223753;'crevé>122864';1;54;'crevé>mort'
e;224885;'poilu>81436';1;26;'poilu>velu'
e;229306;'craquant>59046';1;8;'craquant>adorable'
e;237771;'sauvage>129068';1;22;'sauvage>indompté'
e;237774;'sauvage>76227';1;2;'sauvage>farouche'
e;240615;'tatoué';1;
e;242185;'mignon>64729';1;2;'mignon>séduisant'
e;244576;'gracieux>108166';1;58;'gracieux>beau'
e;245366;'petit>142267';1;98;'petit>taille'
e;267403;'coupé>109931';1;2;'coupé>castré'
e;595158;'siamois>171869';1;0;
e;596194;'crevé>171869';1;0;
e;596519;'craquant>171869';1;0;
e;596663;'poilu>171869';1;0;
e;599490;'domestique>171869';1;0;
e;599677;'coupé>171869';1;0;
e;600043;'gris>171869';1;0;
e;674336;'sauvage>171869';1;0;
e;1484757;'roux>171869';1;0;
e;1964039;'coupé>161702';1;0;
e;2324838;'crevé>161702';1;0;
e;2399084;'laitte';1;
e;2506953;'leyte';1;
e;2585756;'noir>171869';1;0;
e;14201473;'petit>132183';1;0;'petit>hypocoristique'
e;86756;'lion';1;
e;247483;'lion>116032';1;102;'lion>félin'
e;835;'août';1;
e;231;'rouler';1;
e;262;'ter';1;
e;824;'réclamer';1;
e;847;'capturer';1;
e;1990;'somnoler';1;
e;2045;'uriner';1;
e;2234;'copuler';1;
e;2344;'mouiller';1;
e;2442;'vivre';1;
e;2666;'coucher';1;
e;2775;'hérisser';1;
e;4461;'glisser';1;
e;4993;'planter';1;
e;5070;'grossir';1;
e;5435;'ronfler';1;
e;5692;'baiser';1;
e;5714;'sortir';1;
e;5979;'accoucher';1;
e;7427;'frotter';1;
e;7943;'tuer';1;
e;8638;'accoupler';1;
e;8661;'tomber';1;
e;12292;'scruter';1;
e;12446;'bailler';1;
e;12636;'déchirer';1;
e;14338;'attaquer';1;
e;15128;'escalader';1;
e;15562;'blesser';1;
e;15455;'procréer';1;
e;16486;'fouiner';1;
e;16503;'reproduire';1;
e;16964;'marcher';1;
e;17908;'chatonner';1;
e;18693;'lézarder';1;
e;19017;'siffler';1;
e;19153;'castrer';1;
e;19288;'gratter';1;
e;20691;'brailler';1;
e;20911;'nager';1;
e;21149;'dévorer';1;
e;21927;'sombrer';1;
e;23698;'flairer';1;
e;24589;'mijoter';1;
e;24719;'flotter';1;
e;26193;'sentir';1;
e;26821;'lavé';1;
e;27513;'peler';1;
e;27636;'salir';1;
e;28928;'babiller';1;
e;29690;'fuir';1;
e;30092;'combattre';1;
e;30316;'cacher';1;
e;30822;'danser';1;
e;32550;'respirer';1;
e;33002;'gravir';1;
e;33082;'crier';1;
e;33744;'défendre';1;
e;33871;'bouger';1;
e;34663;'masser';1;
e;36370;'sursauter';1;
e;36548;'rugir';1;
e;37118;'craquer';1;
e;39170;'surveiller';1;
e;41715;'fouiller';1;
e;41961;'gratte';1;
e;42931;'rêver';1;
e;44726;'couler';1;
e;45999;'éternuer';1;
e;46211;'dérober';1;
e;46367;'griller';1;
e;47123;'suivre';1;
e;47972;'réfléchir';1;
e;48312;'stériliser';1;
e;48446;'tricoter';1;
e;49560;'cracher';1;
e;51520;'promener';1;
e;54764;'grogner';1;
e;55326;'ninja';1;
e;55489;'celer';1;
e;55688;'guetter';1;
e;56105;'mâcher';1;
e;56652;'souffler';1;
e;59413;'harceler';1;
e;60748;'dysfonctionner';1;
e;61347;'grêler';1;
e;61952;'gronder';1;
e;62823;'manifester';1;
e;62933;'bondir';1;
e;63509;'casser';1;
e;63831;'taper';1;
e;64325;'aimer';1;
e;64513;'mordre';1;
e;69182;'partir';1;
e;71034;'baver';1;
e;71325;'renverser';1;
e;72397;'pleurer';1;
e;73244;'coller';1;
e;75483;'cajoler';1;
e;77822;'venir';1;
e;78020;'égratigner';1;
e;78167;'circonscrire';1;
e;79364;'sauter';1;
e;80692;'fuguer';1;
e;81191;'lécher';1;
e;83091;'sourire';1;
e;84676;'voir';1;
e;85286;'nettoyer';1;
e;85447;'sucer';1;
e;87512;'muer';1;
e;90199;'aboyer';1;
e;90501;'chaparder';1;
e;91088;'louer';1;
e;91463;'gambader';1;
e;91572;'narguer';1;
e;92304;'grimper';1;
e;92559;'sniffer';1;
e;96094;'patouiller';1;
e;98610;'grandir';1;
e;99361;'orthèse';1;
e;99428;'lorgner';1;
e;99740;'naviguer';1;
e;101351;'minauder';1;
e;101484;'renifler';1;
e;102152;'sommeiller';1;
e;103554;'amuser';1;
e;103596;'sautiller';1;
e;104242;'agresser';1;
e;104396;'énerver';1;
e;105814;'regarder';1;
e;108071;'séduire';1;
e;108713;'bouder';1;
e;109348;'groin';1;
e;109426;'galoper';1;
e;109507;'pourlécher';1;
e;109883;'arracher';1;
e;112239;'pondre';1;
e;112269;'câliner';1;
e;112590;'enfanter';1;
e;112970;'fureter';1;
e;113211;'épier';1;
e;113960;'couiner';1;
e;115385;'détendre';1;
e;119162;'battre';1;
e;119786;'sauver';1;
e;120839;'entendre';1;
e;121235;'abandonner';1;
e;121505;'écouter';1;
e;123094;'laper';1;
e;124600;'mourir';1;
e;124836;'croquer';1;
e;124974;'veiller';1;
e;125598;'maigrir';1;
e;125708;'roupiller';1;
e;125890;'humer';1;
e;125964;'espionner';1;
e;126123;'prélasser';1;
e;126554;'fonctionner';1;
e;126850;'flirter';1;
e;127535;'engendrer';1;
e;128128;'allaiter';1;
e;128843;'quêter';1;
e;129264;'creuser';1;
e;129419;'dératiser';1;
e;130299;'feuler';1;
e;130600;'siester';1;
e;130805;'mépriser';1;
e;131240;'lire';1;
e;131539;'comploter';1;
e;133960;'grailler';1;
e;134874;'abîmer';1;
e;135630;'hisser';1;
e;135887;'mordiller';1;
e;138261;'bâiller';1;
e;138923;'râler';1;
e;139194;'toilette';1;
e;139448;'explorer';1;
e;140318;'parler';1;
e;141996;'répartir';1;
e;142748;'têter';1;
e;143876;'laver';1;
e;148390;'gri';1;
e;151644;'courrir';1;
e;153693;'caliner';1;
e;158762;'macher';1;
e;213856;'voler>58321';1;162;'voler>malhonnêteté'
e;213857;'voler>167847';1;276;'voler>déplacement aérien'
e;221081;'vomir>24388';1;154;'vomir>régurgiter'
e;225433;'sauter>141684';1;36;'sauter>s'
e;228996;'flotter>98136';1;24;'flotter>surnager'
e;233198;'boire>86872';1;92;'boire>se désaltérer'
e;233513;'lécher>233510';1;56;'lécher>passer la langue'
e;234503;'sombrer>30171';1;18;'sombrer>navire'
e;237333;'gronder>43106';1;50;'gronder>bruit'
e;239012;'jouer>143903';1;128;'jouer>s'
e;239279;'sortir>125143';1;48;'sortir>aller dehors'
e;239950;'mordre>135544';1;72;'mordre>morsure'
e;240814;'courir>59303';1;52;'courir>se déplacer'
e;241775;'attraper>847';1;42;'attraper>capturer'
e;242894;'nager>11057832';1;26;'nager>se déplacer dans un liquide'
e;245869;'dévorer>130164';1;48;'dévorer>manger'
e;251694;'mourir>126720';1;226;'mourir>cesser de vivre'
e;253587;'lapper';1;
e;259409;'patouner';1;
e;259820;'vivre>160251';1;72;'vivre>être en vie'
e;318500;'grogner>17559';1;8;'grogner>animal'
e;320218;'attaquer>104242';1;120;'attaquer>agresser'
e;1569297;'énerver>26142';1;18;'énerver>agacer'
e;1668053;'dormir>60829';1;104;'dormir>sommeil'
e;2006911;'feule';2;
e;2113298;'renifle';2;
e;2225388;'miaulé';2;
e;6681658;'manger>113902';1;118;'manger>alimentation'
e;14321932;'pisser>2045';1;28;'pisser>uriner'
e;15625987;'déploye';1;
e;15691516;'appuye';1;
e;265133;'parler>22113';1;34;'parler>dialoguer'
e;12620;'adopter';1;
e;13501;'vacciner';1;
e;18834;'posséder';1;
e;20537;'attacher';1;
e;26043;'grattouiller';1;
e;26142;'agacer';1;
e;29105;'opérer';1;
e;34284;'brosser';1;
e;36154;'balader';1;
e;45225;'effrayer';1;
e;47466;'nourrir';1;
e;52004;'écraser';1;
e;53344;'appeler';1;
e;61829;'châtrer';1;
e;71585;'violenter';1;
e;72706;'éveiller';1;
e;78197;'gratouiller';1;
e;78823;'flatter';1;
e;91544;'rouer';1;
e;97571;'consommer';1;
e;106016;'photographier';1;
e;109640;'embrasser';1;
e;113792;'empailler';1;
e;117557;'piquer';1;
e;121247;'torturer';1;
e;125896;'noyer';1;
e;136186;'apprivoiser';1;
e;146284;'étreinte';1;
e;234280;'piquer>245371';1;18;'piquer>euthanasier'
e;245371;'euthanasier';1;
e;265777;'caresser>82900';1;122;'caresser>toucher'
e;1476355;'nourrir>185926';1;26;'nourrir>donner à manger'
e;1870640;'écraser>6890';1;32;'écraser>voiture'
e;9182;'puces';1;
e;23557;'réponse';1;
e;27096;'débat';1;
e;28563;'tique';1;
e;34503;'pénis';1;
e;50646;'question';1;
e;51110;'pine';1;
e;51253;'message';1;
e;55034;'clitoris';1;
e;56457;'tatouage';1;
e;66372;'texte';1;
e;67093;'collier';1;
e;104108;'chaussette';1;
e;125561;'drisse';1;
e;153347;'émoticône';1;
e;155383;'penis';1;
e;155733;'émoticone';1;
e;217506;'question>83855';1;60;'question>sujet'
e;225940;'oeil>16033';1;50;'oeil>cuisine'
e;233278;'collier>17559';1;52;'collier>animal'
e;255880;'chatteur';1;
e;2508009;'OKLM';1;
e;20033;'échanger';1;
e;30087;'débattre';1;
e;43208;'papoter';1;
e;83957;'commenter';1;
e;101621;'bavarder';1;
e;108900;'converser';1;
e;132649;'rouspéter';1;
e;243658;'troller';1;
e;1110;'amusement';1;
e;9683;'tendresse';1;
e;9864;'désir';1;
e;14330;'satisfaction';1;
e;26173;'douceur';1;
e;28453;'bonheur';1;
e;29737;'amitié';1;
e;37298;'amour';1;
e;49337;'crainte';1;
e;49712;'appréhension';1;
e;57221;'joie';1;
e;91691;'surprise';1;
e;102345;'plaisir';1;
e;103405;'indifférence';1;
e;146357;'envie';1;
e;12141;'communiquer';1;
e;85830;'accompagner';1;
e;114455;'protéger';1;
e;176299;'clavarder';1;
e;242832;'échanger>12141';1;22;'échanger>communiquer'
e;54974;'confort';1;
e;83098;'contact';1;
e;93195;'blabla';1;
e;106844;'allergie';1;
e;139352;'beauté';1;
e;2409245;'ron-ron';1;
e;14610238;'allergy';1;
e;31920;'accouplement';1;
e;61936;'ennui';1;
e;73135;'naître';1;
e;79042;'naissance';1;
e;88491;'reproduction';1;
e;104993;'informatique';1;
e;145044;'évolution';1;
e;134927;'métal';1;
e;213823;'bois>29208';1;272;'bois>matière'
e;28335;'moutarde';1;
e;139597;'poivre';1;
e;114625;'Humphrey';1;
e;213303;'Safari';666;
e;239598;'Ceylan';1;
e;393486;'Larry';777;
e;406604;'Anatoli';1;
e;6070;'jument';1;
e;7705;'chienne';1;
e;8319;'renard';1;
e;13283;'dinosaure';1;
e;17206;'ours';1;
e;17929;'puma';1;
e;22714;'chimpanzé';1;
e;22842;'hyène';1;
e;24758;'autruche';1;
e;26056;'bus';1;
e;28993;'taureau';1;
e;29791;'diplodocus';1;
e;32714;'léopard';1;
e;34410;'gorille';1;
e;38070;'chien-loup';1;
e;38485;'baleine';1;
e;38599;'lionne';1;
e;41946;'louve';1;
e;47417;'boeuf';1;
e;48795;'âne';1;
e;49293;'humain';1;
e;55433;'girafe';1;
e;65061;'zébu';1;
e;68620;'moto';1;
e;71135;'porc';1;
e;73448;'mammouth';1;
e;73893;'singe';1;
e;74170;'éléphante';1;
e;75961;'ourse';1;
e;77762;'phoque';1;
e;79073;'oie';1;
e;84632;'camion';1;
e;88847;'labrador';1;
e;89801;'poney';1;
e;91311;'veau';1;
e;92847;'cochon';1;
e;93920;'tigresse';1;
e;95145;'guépard';1;
e;95706;'automobile';1;
e;98919;'jaguar';1;
e;104855;'hippopotame';1;
e;105872;'éléphant';1;
e;113583;'panthère';1;
e;114015;'brebis';1;
e;115128;'caïman';1;
e;137390;'zèbre';1;
e;138501;'vache';1;
e;145246;'cheval';1;
e;145295;'mouton';1;
e;213341;'loup>45661';1;324;'loup>canidé'
e;213675;'ours>17559';1;102;'ours>animal'
e;220183;'singe>33840';1;148;'singe>primate'
e;229799;'labrador>4455';1;6;'labrador>chien'
e;244011;'jaguar>17559';1;30;'jaguar>animal'
e;247964;'panthère>82231';1;68;'panthère>félidé'
e;248370;'girafe>17559';1;12;'girafe>animal'
e;252355;'automobile>123745';1;184;'automobile>véhicule'
e;261769;'lionne>116032';1;14;'lionne>félin'
e;10862;'moineau';1;
e;14758;'chiot';1;
e;37194;'poule';1;
e;42064;'ver';1;
e;56492;'souriceau';1;
e;69280;'hamster';1;
e;74657;'pigeon';1;
e;99645;'cobaye';1;
e;215024;'pigeon>140176';1;104;'pigeon>oiseau'
e;217435;'cobaye>17559';1;12;'cobaye>animal'
e;218238;'poule>140176';1;166;'poule>oiseau'
e;246214;'moineau>140176';1;58;'moineau>oiseau'
e;18280;'lézard';1;
e;19393;'rossignol';1;
e;40368;'mulot';1;
e;86754;'thon';1;
e;127000;'mouche';1;
e;140100;'viande';1;
e;145043;'pâté';1;
e;146261;'poulet';1;
e;214126;'thon>68467';1;208;'thon>poisson'
e;220337;'oiseau>17559';1;798;'oiseau>animal'
e;223804;'patée';1;
e;224368;'Whiskas';1;
e;235982;'lézard>99719';1;22;'lézard>reptile'
e;261738;'viande>20965';1;344;'viande>nourriture'
e;8542;'beige';1;
e;14189;'brun';1;
e;132479;'marron';1;
e;145382;'orange';1;
e;215228;'marron>40056';1;18;'marron>couleur'
e;220341;'fauve>146628';1;52;'fauve>ocre'
e;28291;'voisin';1;
e;153484;'voisine';1;
e;221132;'voisin>116477';1;42;'voisin>personne'
e;1798012;'voisin>146885';1;0;
e;1798013;'voisin>171869';1;0;
e;5832;'chas';1;
e;12662467;'bc4ffb6ddad022444f442d966d55a2da';200;
e;12662469;'e4c2fbed27d6fc53ac42be29a5bf2196';200;
e;12662471;'a58f074384fd201b56605336fd5ebd76';200;
e;12668124;'bdf1a9511481f2098c9554ac128438d9';200;
e;12669520;'e07b404aaed8e15b7098aa2c2d60c032';200;
e;12669562;'d74f882e33e25502bb6a2968e1fc017c';200;
e;12675392;'d344d8b666031db9cb2d9848520ca490';200;
e;12679928;'fd5032bcf7ec66255e6b4df9018cb6fd';200;
e;12680908;'c88e85ad38822f4f489e044d7228f2a1';200;
e;12680911;'b894049f518f45ca046f26fb2f9d3abc';200;
e;12681156;'a74e326475cad35ef3725acee49eaf54';200;
e;12685786;'d6022c7640528cb55a09e2722d90a74c';200;
e;12687213;'f73188ec9e416fb4db4a12c88d2a001f';200;
e;12688114;'a1bd8661827e881e02bc3997920d1952';200;
e;12693636;'a61d48aa684d84e56db7e05c26812615';200;
e;12694703;'f4955a48d304f09d28d794c94d83c33b';200;
e;12694716;'e250da8ecf13bdddeb40433921c7485c';200;
e;12694859;'edf678f239d3d352483206da5b4d608e';200;
e;12699639;'f73099d67032814ec2868eff3d8cbd42';200;
e;12699642;'c45da7c59e76926597a84a7a5488395b';200;
e;12701778;'c4a06aa57076803d9e511655817fbbc9';200;
e;12702273;'e8b2ad63268c9293eed932307b3366b0';200;
e;12711193;'eda36cb208290af2d341654e5697c9c2';200;
e;12726749;'a13dffa03b9e4400b898f69ead96b6bc';200;
e;12732548;'e4a3b66fc88ce9a12f4fc8424c4651ac';200;
e;12732558;'a91960827006dc26b73929d49a4acaca';200;
e;12732584;'c3e5588a72b222edea8058b992bfcf26';200;
e;12738019;'c4120feabdb01eb2883f98e5bd068914';200;
e;12738032;'f96e63f2a5f00b8b9919ee211acc7d96';200;
e;12738228;'f6f6cced2f4dbeb6fd239f2989ecf69b';200;
e;12771293;'d1ee72db0d1d99fe748248234f78f768';200;
e;12772259;'d6ac1f70b09c8265074d73cbcdeada8e';200;
e;12772280;'a0d0dee48fe3c7785b238b8b482f6e2b';200;
e;12772302;'b9f17dd8c3ea3bce3d5f96f144c339d2';200;
e;12772310;'b85b3d4eba4ae4443cfbf6be0e1abacc';200;
e;12788223;'db044b10f1e932dec5621b51a64919d4';200;
e;12863540;'d1eb24a5de3f1ecb0108516f6f2270a7';200;
e;12864645;'fe60249986d54608420438ff131ca76f';200;
e;12889418;'d551426081ab1a16b135fe7cf94f931e';200;
e;12889609;'b03491deb666f0b9f539d452e7a39e49';200;
e;12979741;'a4a59680688a7352e0d9573fa5fb0d80';200;
e;13134169;'ce521082ddec01ad17f048c1ef5d8701';200;
e;13545458;'c51baa8849ea5b97988b3ddb6c16bd62';200;
e;13573234;'e9ae6aa3b55f61638d221d9fa28d88e2';200;
e;13587865;'e67473b2f4066843e409a88f6ac2b1ae';200;
e;13627796;'a2f1427f80d866eab5b915fc4e496999';200;
e;13641103;'ff13a5800997dbb7ade7fe4a695b8fbb';200;
e;13809176;'f0819560efc1f2645fe1fa69a9568bdc';200;
e;13853895;'ceadba171ee5b3eabde5672a98b31135';200;
e;13990255;'f3f2c8a6ebef8b8a9c4e6459ffca8cd5';200;
e;14050109;'ff09172e9f8562173174d22d75575531';200;
e;14050111;'e24cbd5164cf20675b18dcf0327bd494';200;
e;14050114;'ada17899c4b4c8a577367eb5ded978cb';200;
e;14050273;'ed84a88b5c8971652082265693d5efca';200;
e;14051077;'e7bf268bbb872de289b40b60181ad07d';200;
e;14127720;'afedf7b2bf167af0a6815773502bdc4a';200;
e;14139576;'f261ad6ae0a3fa557dce498f8eafb63e';200;
e;14139592;'e9f0ca0a4d5e29831d2fdaebc0bfbe5f';200;
e;14323760;'f8efb31169b6f2dab1728cdc9428bb0d';200;
e;14323824;'f7c040c9ae0d56c4421b75588e40bfa8';200;
e;14323773;'ce9a661c57a4279c654c1e89bffeda0a';200;
e;14420267;'da6833797d468c03616a0d5ea1d4864a';200;
e;14464621;'d50f9603edf948c015c3ca4c8929ab36';200;
e;14636066;'d18f6abd3d4a1e47a20b69557a68cc80';200;
e;14748424;'a65f872b66345025f9c24f3b522402ca';200;
e;14851036;'a5076ecaa83b965c92cf09726af6dfc5';200;
e;14867334;'d1896d4df5b7796becd9d318c5bf7279';200;
e;14887762;'b00a92a409dda539fd7d4a5e90e6f8d9';200;
e;14902893;'ae13f845173338f824f3fb2e1d7bc8c0';200;
e;15011029;'eb0bb7944b1a8e714b0b1f615c611991';200;
e;15011712;'ec97bb7e10bd9f6c693e32f751112386';200;
e;15635148;'e6dd41e7fe62baa955337f6f3563e3d1';200;
e;15636542;'de40804a9b6e4071213c232b84c5b491';200;
e;15695060;'f105faf45fa9d2918f72777d77129da6';200;
e;15695069;'b26fb6509ee17be76dd4d550efbab412';200;
e;7574;'autre';1;
e;8908;'devinette';1;
e;28108;'passer';1;
e;35606;'chattemite';1;
e;45320;'chameau';1;
e;51568;'pelote';1;
e;98826;'fourbe';1;
e;115865;'trou';1;
e;121215;'virtuelle';1;
e;122669;'ennemi';1;
e;128782;'fil';1;
e;146663;'Felix';1;
e;152062;'animale';1;
e;4407;'omnivore';1;
e;7934;'Loire-Atlantique';1;
e;9546;'AOL';1;
e;9615;'poissons-chats';1;
e;11213;'Aigle';1;
e;12304;'Dordogne';1;
e;13626;'web';1;
e;15706;'webcam';1;
e;20299;'armes';1;
e;20981;'UICN';1;
e;20982;'paganisme';1;
e;21130;'mai';1;
e;23147;'Microsoft';1;
e;24522;'soleil';1;
e;24679;'taxon';1;
e;25649;'Dialogue';1;
e;26879;'Seine';1;
e;30030;'entreprise';1;
e;33892;'Internet';1;
e;35789;'parasite';1;
e;38401;'IBM';1;
e;39749;'Bubastis';1;
e;42313;'Asie';1;
e;42719;'arabe';1;
e;42997;'beffroi';1;
e;43409;'Canada';1;
e;43802;'Marais';1;
e;45741;'aigles';1;
e;48566;'Minuit';1;
e;49116;'pharaon';1;
e;49160;'MIT';1;
e;50543;'étangs';1;
e;50733;'serveur';1;
e;52540;'Ézéchiel';1;
e;54564;'terminologique';1;
e;56236;'hypophyse';1;
e;56609;'Pie';1;
e;62298;'Ninive';1;
e;64006;'stimuli';1;
e;65480;'ka';1;
e;65586;'espagnol';1;
e;77735;'Europe';1;
e;77744;'argot';1;
e;79993;'anglais';1;
e;83522;'Belgique';1;
e;87987;'France';1;
e;90911;'Sahara';1;
e;93416;'octobre';1;
e;93780;'Clotilde';1;
e;94712;'Linux';1;
e;98300;'famille';1;
e;104448;'serpents';1;
e;104472;'mot-valise';1;
e;105740;'sigle';1;
e;113669;'Russie';1;
e;116414;'lambel';1;
e;120281;'minitel';1;
e;121090;'vecteurs';1;
e;124291;'avril';1;
e;124613;'Clovis';1;
e;126390;'Exodus';1;
e;127961;'Apple';1;
e;87887;'village';1;
e;128063;'Nubie';1;
e;129044;'Roumanie';1;
e;132093;'ibis';1;
e;138801;'rongeurs';1;
e;138960;'Écaille';1;
e;139062;'Perse';1;
e;139580;'Windows';1;
e;140553;'Java';1;
e;142096;'marais';1;
e;142520;'minuit';1;
e;142856;'bronze';1;
e;142894;'pie';1;
e;142939;'ISBN';1;
e;143063;'Entreprise';1;
e;143261;'Peste';1;
e;143853;'Famille';1;
e;144333;'Soleil';1;
e;145289;'Sekhmet';1;
e;146181;'Minitel';1;
e;146396;'Japon';1;
e;152952;'Langue';1;
e;155435;'ICQ';1;
e;155613;'Messenger';1;
e;157927;'ordinateurs';1;
e;162468;'Pharaon';1;
e;163171;'rats';1;
e;164171;'francisé';1;
e;172677;'CA';1;
e;172944;'Anglais';1;
e;173030;'Castillan';1;
e;175541;'Felis';1;
e;175925;'Rat';1;
e;176468;'MySQL';1;
e;176494;'PHP';1;
e;176593;'UNIX';1;
e;177501;'Écriture';1;
e;179763;'Arabe';1;
e;195728;'Administration';1;
e;196871;'Bastet';1;
e;212233;'Facebook';1;
e;212733;'Google';1;
e;220462;'NCBI';1;
e;221637;'Web';1;
e;230205;'IRC';666;
e;230207;'HTTP';666;
e;230695;'Yahoo';1;
e;230839;'Skype';1;
e;233219;'Adium';1;
e;235558;'SMTP';1;
e;239388;'HTTPS';1;
e;240395;'KDE';1;
e;243563;'Ibis';1;
e;243875;'POP';1;
e;248773;'Pidgin';1;
e;265125;'WhatsApp';1;
e;277380;'Jabber';1;
e;285728;'DOI';1;
e;290364;'alevins';777;
e;291539;'plugin';777;
e;300309;'scarabées';777;
e;329624;'Scarabaeidae';777;
e;397153;'Jenkins';1;
e;399073;'tablettes';1;
e;402430;'Race';1;
e;404382;'AIM';1;
e;404986;'Serpent';1;
e;406109;'Jeu';1;
e;406612;'Morphologie';1;
e;24388;'régurgiter';1;
e;407600;'GNOME';1;
e;414466;'Jingle';1;
e;412789;'IETF';1;
e;416258;'Étang';1;
e;416605;'Parasite';1;
e;419722;'Mirabilis';1;
e;419814;'Ordinateur';1;
e;426614;'Recueil';1;
e;426897;'Talk';1;
e;428262;'Beffroi';1;
e;429653;'Robe';1;
e;433008;'Reproduction';1;
e;435047;'talk';1;
e;1496033;'VKontakte';1;
e;1655482;'benthivore';1;
e;2384872;'Mosset';1;
e;2439605;'SIP';1;
e;2466466;'URI';1;
e;2470232;'IMAP';1;
e;2472324;'IRI';1;
e;2488124;'XMPP';1;
e;2504514;'OCLC';1;
e;2521325;'Casteljaloux';1;
e;2538241;'Serval';1;
e;2507756;'Apophis';1;
e;2836197;'Arme';1;
e;2952239;'Zephyr';777;
e;3055587;'turbides';1;
e;3596796;'Rodentia';1;
e;3596938;'Siluriformes';1;
e;5570501;'Nourriture';1;
e;5628626;'Minette';1;
e;5720552;'Slate';1;
e;5811237;'ranavirus';777;
e;5877386;'Serpentes';1;
e;5896671;'Terminologie';1;
e;5966075;'Jami';1;
e;5997845;'Gossip';1;
e;6014171;'Bronze';1;
e;6082673;'Mafdet';777;
e;6283948;'Taxon';1;
e;9778785;'Sigle';777;
e;9944100;'iMessage';777;
e;10326312;'Confluence';1;
e;10133566;'Pharaons';777;
e;10458297;'Telegram';1;
e;10996817;'Hangouts';1;
e;11406178;'webchat';777;
e;12006607;'Barbillon';1;
e;12865440;'Gadu-Gadu';777;
e;12616079;'INPN';1;
e;213375;'souris>106182';1;24;'souris>gigot'
e;213414;'fenêtre>36820';1;58;'fenêtre>ouverture'
e;213416;'fenêtre>213412';1;50;'fenêtre>fenêtre de tir'
e;213677;'puce>14189';1;50;'puce>brun'
e;213679;'puce>33216';1;102;'puce>circuit intégré'
e;213681;'puce>213680';1;50;'puce>symbole typographique'
e;213682;'puce>213452';1;6;'puce>terme d'
e;213683;'puce>126420';1;50;'puce>talitre'
e;213684;'puce>87291';1;50;'puce>daphnie'
e;214058;'chien>214057';1;60;'chien>pièce d'
e;215133;'griffe>140565';1;50;'griffe>style'
e;215134;'griffe>143180';1;16;'griffe>marque'
e;215136;'griffe>30843';1;4;'griffe>outil'
e;215204;'sphinx>167565';1;50;'sphinx>mythologie égyptienne'
e;215205;'sphinx>151552';1;6;'sphinx>mythologie grecque'
e;215206;'sphinx>18285';1;6;'sphinx>papillon'
e;216118;'greffier>36686';1;50;'greffier>greffe'
e;216138;'mou>119048';1;52;'mou>souple'
e;216140;'mou>216137';1;4;'mou>sans vigueur'
e;216687;'gorge>29285';1;56;'gorge>vallée'
e;216688;'gorge>67368';1;54;'gorge>mécanique'
e;216904;'chien>4768';1;6;'chien>tarot'
e;217641;'chaton>17685';1;2;'chaton>poussière'
e;217642;'chaton>3674';1;50;'chaton>botanique'
e;218008;'minet>213452';1;52;'minet>terme d'
e;217643;'chaton>93251';1;50;'chaton>joaillerie'
e;218009;'minet>49420';1;50;'minet>jeune homme'
e;218058;'lait>218056';1;50;'lait>suc végétal'
e;218059;'lait>76169';1;22;'lait>cosmétique'
e;218085;'chatte>143712';1;50;'chatte>marine'
e;218191;'once>209519';1;64;'once>unité de masse'
e;218192;'once>25996';1;50;'once>monnaie'
e;218225;'pie>43384';1;4;'pie>bavard'
e;218224;'pie>140176';1;48;'pie>oiseau'
e;219552;'persan>139062';1;52;'persan>Perse'
e;219553;'persan>52119';1;54;'persan>langue'
e;219842;'cancan>31176';1;14;'cancan>médisance'
e;219843;'cancan>145605';1;14;'cancan>danse'
e;220039;'siamois>63758';1;12;'siamois>jumeaux'
e;220041;'siamois>220040';1;6;'siamois>Siam'
e;220344;'fauve>35841';1;50;'fauve>peinture'
e;221713;'angora>117095';1;50;'angora>zoologie'
e;221712;'angora>94609';1;50;'angora>textile'
e;222333;'vairon>68467';1;2;'vairon>poisson'
e;225124;'croquette>16033';1;54;'croquette>cuisine'
e;225790;'mistigri>181366';1;50;'mistigri>carte à jouer'
e;225791;'mistigri>9745';1;50;
e;225846;'organisme>332175';1;54;'organisme>ensemble des organes'
e;225848;'organisme>118203';1;52;'organisme>corps humain'
e;225849;'organisme>86627';1;50;'organisme>organisation'
e;230196;'pie>99340';1;50;'pie>assolement'
e;230296;'coussinet>35729';1;50;'coussinet>coussin'
e;230298;'coussinet>25800';1;50;'coussinet>chemin de fer'
e;230300;'coussinet>98040';1;50;'coussinet>architecture'
e;230299;'coussinet>67368';1;50;'coussinet>mécanique'
e;233840;'ronronner>4658';1;50;'ronronner>moteur'
e;233841;'ronronner>5435';1;50;'ronronner>ronfler'
e;233842;'ronronner>14370';1;50;'ronronner>routine'
e;237441;'être>85728';1;10;'être>exister'
e;237443;'être>37229';1;66;'être>se trouver'
e;237444;'être>94160';1;58;'être>existence'
e;238306;'fourrière>123745';1;2;'fourrière>véhicule'
e;240076;'minou>14624';1;8;'minou>affection'
e;240077;'minou>215126';1;10;'minou>sexe de la femme'
e;242161;'chien>103119';1;52;'chien>dénigrement'
e;244174;'chaton>213452';1;56;'chaton>terme d'
e;247023;'félin>80897';1;50;'félin>apparence'
e;247484;'lion>74860';1;50;'lion>homme'
e;247485;'lion>1816';1;50;'lion>héraldique'
e;249859;'chartreux>111410';1;50;'chartreux>religieux'
e;247965;'once>165054';1;50;'once>petite quantité'
e;251980;'échange>20033';1;54;'échange>échanger'
e;251981;'échange>49615';1;54;'échange>commerce'
e;251983;'échange>35143';1;50;'échange>biologie'
e;251984;'échange>56865';1;50;'échange>sport'
e;251985;'échange>12957';1;52;'échange>substitution'
e;251986;'échange>7159';1;50;'échange>droit'
e;253871;'minette>71346';1;50;'minette>éclairage'
e;253872;'minette>35885';1;50;'minette>luzerne'
e;257991;'pie>242270';1;50;'pie>pieuse'
e;258257;'pie>2149';1;50;'pie>gâteau'
e;261936;'ronronner>104193';1;50;'ronronner>contentement'
e;264599;'prédateur>37555';1;50;'prédateur>exploiteur'
e;268964;'matou>91594';1;50;'matou>instrument de musique'
e;269225;'Hercule>32303';1;52;'Hercule>mythologie'
e;269226;'Hercule>118538';1;50;'Hercule>prénom'
e;269227;'Hercule>16644';1;50;'Hercule>astronomie'
e;312566;'lait>312565';1;62;'lait>liquide blanc'
e;317283;'omnivore>178691';1;52;'omnivore>régime alimentaire'
e;317313;'souris>40056';1;52;'souris>couleur'
e;318105;'lion>160622';1;50;'lion>signe du zodiaque'
e;321423;'chien>191257';1;58;'chien>émissolle'
e;321424;'chien>143712';1;50;'chien>marine'
e;321425;'chien>13701';1;50;'chien>technique'
e;330963;'cordé>3674';1;50;'cordé>botanique'
e;390795;'tonkinois>126208';1;50;'tonkinois>Tonkin'
e;390796;'tonkinois>131059';1;50;'tonkinois>dialecte'
e;436342;'carnassier>25057';1;56;'carnassier>vorace'
e;438055;'persan>81046';1;50;'persan>tapis'
e;1768141;'souplesse>65767';1;0;'souplesse>moelleux'
e;1768142;'souplesse>81445';1;2;'souplesse>flexibilité'
e;1768143;'souplesse>108806';1;0;'souplesse>complaisance'
e;1870848;'écrasé>107216';1;4;'écrasé>étouffé'
e;1870847;'écrasé>2161';1;0;'écrasé>vaincu'
e;1870849;'écrasé>88349';1;0;'écrasé>humilié'
e;1870850;'écrasé>69836';1;2;'écrasé>aplati'
e;1870851;'écrasé>76341';1;2;'écrasé>broyé'
e;1870852;'écrasé>104993';1;0;'écrasé>informatique'
e;1870853;'écrasé>143757';1;0;'écrasé>art culinaire'
e;1870854;'écrasé>58851';1;0;'écrasé>accablé'
e;1920430;'labourer>43845';1;0;'labourer>peiner'
e;1920431;'labourer>50567';1;12;'labourer>agriculture'
e;2579453;'chien>99419';1;2;'chien>exécrable'
e;2586887;'somali>145295';1;0;'somali>mouton'
e;2586888;'somali>52119';1;0;'somali>langue'
e;2624277;'matagot>143712';1;0;'matagot>marine'
e;2624278;'matagot>68439';1;0;'matagot>individu'
e;2682488;'sphinx>84872';1;0;'sphinx>énigmatique'
e;2708796;'chatte>111921';1;0;'chatte>chance'
e;2809509;'moumoute>9756';1;2;'moumoute>perruque'
e;2840190;'chinchilla>71115';1;4;'chinchilla>rongeur'
e;2809510;'moumoute>76962';1;0;'moumoute>peau de mouton'
e;2840191;'chinchilla>20164';1;2;'chinchilla>lapin'
e;2924558;'coussinet>3674';1;0;'coussinet>botanique'
e;2952624;'chien>13130';1;16;'chien>prostitué'
e;2952963;'souris>2952962';1;0;'souris>naseau des chevaux'
e;2952964;'souris>213452';1;0;'souris>terme d'
e;2952965;'souris>18285';1;0;'souris>papillon'
e;3176448;'ronron>13844';1;0;'ronron>théâtre'
e;3176449;'ronron>14370';1;0;'ronron>routine'
e;3177473;'chaton>102206';1;0;'chaton>médecine'
e;3184658;'pie>269839';1;0;'pie>blanc et noir'
e;3265699;'coryza>141018';1;0;'coryza>rhume'
e;3322290;'ragdoll>8914';1;0;'ragdoll>jeux vidéo'
e;3347831;'mou>244190';1;0;'mou>molasson'
e;3327861;'manx>52119';1;0;'manx>langue'
e;3347832;'mou>29223';1;0;'mou>consistance'
e;3347872;'mou>134769';1;0;'mou>relâchement'
e;3347873;'mou>23157';1;0;'mou>linguistique'
e;3575534;'vairon>2539880';1;0;'vairon>Bouverans'
e;4309877;'lion>41583';1;0;'lion>ride'
e;4521231;'chien>24196';1;0;
e;4317366;'souris>83091';1;0;'souris>sourire'
e;4894399;'moumoute>54188';1;0;'moumoute>veste'
e;5139347;'lion>5139346';1;0;'lion>Lions Clubs'
e;5155354;'Hercule>68439';1;0;'Hercule>individu'
e;5155355;'Hercule>5155353';1;0;'Hercule>figure imposante'
e;5886418;'souris>68467';1;0;'souris>poisson'
e;11155410;'minette>92878';1;0;'minette>géologie'
e;11155415;'minette>215126';1;0;'minette>sexe de la femme'
e;25484;'champignon';1;
e;140927;'Noir';1;
e;220908;'gamelle>89628';1;54;'gamelle>récipient'
e;70477;'maître';1;
e;1632794;'souris>171869';1;0;
e;23468;'anthelminthique';1;
e;47803;'subir';1;
e;34939;'emmener';1;
e;2542988;'tchatter';1;
e;46594;'cutané';1;
e;19186;'indépendance';1;
e;32791;'arête';1;
e;21805;'cataire';1;
e;418908;'Ocelot';1;
e;14231803;'Ocelots';1;
e;73794;'Uncia';1;
e;14227;'dressage';1;
e;140774;'isabelle';1;
e;41934;'écrasé';1;
e;253914;'chattes';1;
e;580047;'cataire>171869';1;0;
e;109710;'labourer';1;
e;15782916;'pucer>17559';1;0;'pucer>animal'
e;224367;'Ronron';1;
e;108388;'silencieux';1;
e;1775713;'indépendance>91664';1;0;'indépendance>caractère'
e;141906;'fenêtre';1;
e;10879;'tour';1;
e;3707;'Léonard';1;
e;320503;'tapetum>77424';1;50;'tapetum>oeil'
e;231754;'Catwoman';1;
e;1742584;'mycoplasmose';1;
e;6143;'vairon';1;
e;74986;'fourrière';1;
e;49319;'souplesse';1;
e;265591;'ailourophobie';1;
e;2586889;'somali>150';1;0;'somali>chat'
e;596517;'pie>171869';1;0;
e;25570;'Persique';1;
e;256981;'rrrrrrouuuu';1;
e;50064;'Miou-Miou';1;
e;436347;'Neko';1;
e;143334;'Mammifères';1;
e;3265700;'coryza>150';1;0;'coryza>chat'
e;42992;'calme';1;
e;599439;'cataire>150';1;0;'cataire>chat'
e;3327862;'manx>150';1;0;'manx>chat'
e;11083;'coryza';1;
e;255879;'chatteuse';1;
e;265590;'galéphobie';1;
e;269583;'fentre';1;
e;578095;'vairon>171869';1;0;
e;1768144;'souplesse>51834';1;0;'souplesse>agilité'
e;1871230;'écrasé>6890';1;0;'écrasé>voiture'
e;1920429;'labourer>78020';1;2;'labourer>égratigner'
e;2586893;'somali>171869';1;0;
e;52063;'fente';1;
e;213415;'fenêtre>213413';1;2;'fenêtre>interface graphique'
e;2624276;'matagot>150';1;0;'matagot>chat'
e;2477720;'matagot';1;
e;222332;'vairon>77008';1;50;'vairon>yeux'
e;265592;'ailurophobie';1;
e;3049523;'poilante';1;
e;103634;'Katz';1;
e;82142;'Sylvester';1;
e;106248;'sms';1;
e;317284;'omnivore>17559';1;52;'omnivore>animal'
e;9348;'recueillir';1;
e;40929;'affectionner';1;
e;48929;'percher';1;
e;114734;'cancan';1;
e;225789;'mistigri>87729';1;50;'mistigri>jeu de cartes'
e;295002;'antihelminthique';1;
e;14874973;'Hangout';1;
e;14874971;'Whatsapp';1;
e;2362967;'pucer';1;
e;175641;'hyménolépidoptère';1;
e;218223;'pie>138092';1;4;'pie>pelage'
e;175595;'gymnosome';1;
e;45711;'fouetter';1;
e;105530;'Curl';1;
e;14264335;'félinophobie';1;
e;313432;'maître>27154';1;52;'maître>animal domestique'
e;48195;'Quadrupèdes';1;
e;113016;'caracal';1;
e;238307;'fourrière>71539';1;2;'fourrière>animaux'
e;112357;'caniche';1;
e;106316;'répulsif';1;
e;32358;'rétractible';1;
e;11336;'rétractable';1;
e;1753;'désensibilisation';1;
e;119646;'orientale';1;
e;175781;'Neofelis';1;
e;139383;'crotte';1;
e;599254;'carnassier>171869';1;0;
e;154835;'Grosminet';1;
e;26711;'chartreuse';1;
e;95199;'griffage';1;
e;225125;'croquette>37289';1;50;'croquette>friandise'
e;175203;'anomalopède';1;
e;175360;'coléopode';1;
e;191490;'patou';1;
e;250474;'léchouille';1;
e;259038;'rou';1;
e;42734;'malintentionné';1;
e;14264334;'élurophobie';1;
e;99853;'Schrödinger';1;
e;139942;'botte';1;
e;30019;'Mathieu';1;
e;1914810;'struvite';1;
e;282;'leucose';1;
e;215917;'taurine';1;
e;17324;'don';1;
e;145555;'Colette';1;
e;219844;'cancan>52255';1;50;'cancan>arbre'
e;2471772;'chavant';1;
e;256952;'graou';1;
e;14264333;'gatophobie';1;
e;220456;'chatroulette';1;
e;47870;'titi';1;
e;216;'tapetum';1;
e;151430;'zoothérapie';1;
e;129181;'campagnol';1;
e;214631;'queue>3674';1;76;'queue>botanique'
e;214598;'queue>36811';1;50;'queue>billard'
e;2469799;'tiffanie';1;
e;2405638;'cimrique';1;
e;239479;'asiatiques';1;
e;175540;'Félinés';1;
e;419706;'singapour';1;
e;72813;'cerf';1;
e;69733;'ongulé';1;
e;233137;'animal>44977';1;56;'animal>charnel'
e;221983;'homme>24956';1;212;'homme>être humain'
e;63192;'transports';1;
e;218670;'antenne>117095';1;20;'antenne>zoologie'
e;143180;'marque';1;
e;29038;'névraxe';1;
e;1169187;'pupille>146881';1;0;
e;148104;'eye';1;
e;131971;'glander';1;
e;597563;'lécher>146882';1;0;
e;225937;'oeil>115865';1;50;'oeil>trou'
e;14610;'éloigner';1;
e;225936;'oeil>124518';1;50;'oeil>météorologie'
e;142791;'Lion';1;
e;674335;'sauvage>171870';1;0;
e;270354;'rayé>124455';1;50;'rayé>motif'
e;56113;'empoté';1;
e;132917;'craquant';1;
e;93131;'USA';1;
e;73504;'contre-indication';1;
e;82414;'drap';1;
e;1857170;'dirofilariose';1;
e;14779166;'d1dcc0adebbc24c922a3d8077da5f761';200;
e;12690604;'d8ee6f60ecddc2938e577ee2a2d06456';200;
e;14051020;'b0b0074d3089752cf4aa1f1da580a128';200;
e;14050318;'d23a89f4fdc9cf344b601b1f18a668d2';200;
e;14050939;'bb3e15cfd0545d72bc41ce2da5bdde6d';200;
e;14150103;'b63cef0182bb098e62590e83ec43d35f';200;
e;14150150;'daa45767a72c5c1a5c163e3f4141147c';200;
e;216142;'Friskies';666;
e;74736;'repas';1;
e;246494;'Angora';666;
e;14139571;'f569ebde3fc8e87fbbb8ec6c23243af3';200;
e;165695;'mowgli';1;
e;5085;'croquemitaine';1;
e;97395;'croque-mitaine';1;
e;72315;'hominidés';1;
e;151600;'SIDA';1;
e;14500;'sida';1;
e;76086;'cybercafé';1;
e;187596;'FIV';1;
e;90181;'flagellum';1;
e;49170;'khôl';1;
e;148819;'kohol';1;
e;150822;'taenia';1;
e;249992;'cyber-café';1;
e;93380;'flabellum';1;
e;142539;'Hominidés';1;
e;41091;'ténia';1;
e;169018;'khol';1;
e;102611;'ankh';1;
e;175325;'chéiroptère';1;
e;106639;'Milou';1;
e;132061;'marionnette';1;
e;34157;'chocolat';1;
e;95935;'rage';1;
e;106833;'musulman';1;
e;145987;'furet';1;
e;272182;'affective';777;
e;33394;'asiatique';1;
e;272183;'motivationnelle';777;
e;59332;'cognitive';1;
e;69300;'instinct';1;
e;20528;'hominidé';1;
e;272173;'Hominidae';777;
e;19684;'érotisme';1;
e;145859;'Natron';1;
e;37093;'civette';1;
e;144744;'Genette';1;
e;234437;'ânkh';1;
e;77187;'Monopoly';1;
e;85011;'sorcier';1;
e;108626;'sorcière';1;
e;135981;'Ysengrin';1;
e;1798;'clonage';1;
e;38466;'stress';1;
e;62803;'chiroptères';1;
e;77750;'chauves-souris';1;
e;272188;'Symboles';777;
e;110098;'érotique';1;
e;272788;'R22';777;
e;275315;'R24';777;
e;144647;'fête';1;
e;149287;'néoménie';1;
e;275675;'Fête-Sed';777;
e;276230;'Chrysochloridae';777;
e;1001;'chanfrein';1;
e;15647;'jaguarondi';1;
e;1438;'eyra';1;
e;1842;'psychobiologie';1;
e;2091;'zythum';1;
e;276863;'zythos';777;
e;276864;'dizythum';777;
e;2425;'francium';1;
e;276941;'eka-césium';777;
e;5967;'domestication';1;
e;278239;'ténias';777;
e;7303;'oriental';1;
e;278240;'tænias';777;
e;116675;'chiroptère';1;
e;104343;'dérangement';1;
e;152078;'Ron';1;
e;152371;'ron';1;
e;99185;'siluriformes';1;
e;77777;'antirabique';1;
e;279096;'silures';777;
e;279556;'Népétas';777;
e;149297;'népète';1;
e;279905;'nekhekh';777;
e;119870;'nidicole';1;
e;279962;'Pakhon';777;
e;279963;'Pachons';777;
e;138042;'Prosper';1;
e;117057;'ahimsa';1;
e;70100;'Pitou';1;
e;62925;'zython';1;
e;92679;'salon';1;
e;17812;'toxoplasmose';1;
e;236860;'webinar';1;
e;6546;'vampire';1;
e;88286;'violon';1;
e;24207;'vampires';1;
e;168912;'geige';1;
e;25407;'Rügen';1;
e;282159;'Rugia';777;
e;230964;'e-learning';1;
e;51528;'son';1;
e;169987;'logogramme';1;
e;98854;'logographie';1;
e;142345;'ukulélé';1;
e;12279;'ukulele';1;
e;14436;'marsupiaux';1;
e;141680;'Marsupiaux';1;
e;282838;'marsupialia';777;
e;13996;'échinococcose';1;
e;96920;'joueur';1;
e;283458;'pointscommuns';777;
e;33757;'rouquin';1;
e;67767;'charade';1;
e;141146;'Charade';1;
e;228808;'Renart';1;
e;283896;'Oeuil';777;
e;30873;'comportementaliste';1;
e;153167;'SMS';1;
e;10466;'texto';1;
e;270238;'texter';1;
e;117879;'coprophagie';1;
e;284693;'scatophagie';777;
e;271119;'coprophages';1;
e;32822;'édentés';1;
e;53158;'cardage';1;
e;53026;'marsupial';1;
e;276324;'Numéro';777;
e;53612;'gardénal';1;
e;285548;'vibrisses';777;
e;175284;'Carnivora';1;
e;133903;'gale';1;
e;286544;'scabiose';777;
e;100835;'islam';1;
e;128367;'hoquet';1;
e;151706;'Poudlard';1;
e;152660;'Hogwarts';1;
e;236557;'Belette';666;
e;101193;'vampirisme';1;
e;213213;'logographique';1;
e;94880;'Pontarlier';1;
e;224728;'Uluru';1;
e;168126;'strigops';1;
e;289564;'Strigopinae';777;
e;180253;'toxocarose';1;
e;126809;'asthme';1;
e;39899;'rationnement';1;
e;113178;'daltonisme';1;
e;191339;'basenji';1;
e;168068;'perroquet-hibou';1;
e;92493;'nyctalopie';1;
e;57383;'chicaneur';1;
e;76408;'scat';1;
e;292037;'onyxectomie';777;
e;292173;'colorpoint';777;
e;227133;'dégriffage';1;
e;292172;'colourpoint';777;
e;266283;'Calinours';1;
e;225668;'Bisounours';1;
e;100421;'deutéranopie';1;
e;293228;'ankylostomoses';777;
e;293351;'shiba';777;
e;56229;'ankylostomiase';1;
e;14632;'asthmatique';1;
e;16042;'kakapo';1;
e;27391;'carder';1;
e;27265;'hippologie';1;
e;295362;'domestiqu';777;
e;72510;'fossa';1;
e;34709;'Blancs';1;
e;159315;'blancs';1;
e;39917;'daltonien';1;
e;112192;'cadavre';1;
e;43484;'cadavérique';1;
e;297063;'Ailurus';777;
e;66369;'rififi';1;
e;67294;'ankylostomose';1;
e;68281;'coprophage';1;
e;78619;'thermographie';1;
e;77320;'hétérochromie';1;
e;79227;'Silicagel';1;
e;299367;'Birmans';777;
e;94119;'paranormal';1;
e;172987;'Birman';1;
e;88598;'cynophagie';1;
e;91421;'chicard';1;
e;92674;'Beaugency';1;
e;93508;'thermogramme';1;
e;92831;'badaboum';1;
e;110247;'choanes';1;
e;93969;'choane';1;
e;94990;'chauve-souris';1;
e;77959;'Michel';1;
e;301322;'Koen';777;
e;301323;'Zedeq';777;
e;97365;'Michele';1;
e;301324;'Olam';777;
e;105929;'denture';1;
e;106537;'Moncrif';1;
e;105835;'catgut';1;
e;106671;'marionnettes';1;
e;301603;'marionnettistes';777;
e;107298;'instinctif';1;
e;187136;'DEC';1;
e;109394;'asthmatiforme';1;
e;152822;'moldu';1;
e;119088;'dyschromatopsie';1;
e;118859;'pasteurellose';1;
e;120611;'tritanopie';1;
e;121354;'féral';1;
e;63348;'marronnage';1;
e;126755;'deutéranope';1;
e;130664;'antiasthmatique';1;
e;135184;'sansonnet';1;
e;80698;'division';1;
e;139515;'anémie';1;
e;113864;'tiret';1;
e;161452;'robes';1;
e;169421;'youkoulélé';1;
e;305578;'poisson-loup';777;
e;305589;'Cryptoprocta';777;
e;227419;'gentilé';1;
e;237259;'fourchelangue';1;
e;178670;'protanopie';1;
e;242965;'bisounours';1;
e;234203;'Animagus';1;
e;212215;'Sida';1;
e;231185;'Mangemort';1;
e;231673;'fourchelang';666;
e;231187;'patronus';1;
e;311750;'cyber-caf';777;
e;311790;'scrapie';777;
e;331031;'féliformes';777;
e;331033;'feliformia';777;
e;433616;'CAT';1;
e;331032;'féloïdés';777;
e;402457;'Cat';1;
e;412415;'Strigops';1;
e;33446;'koala';1;
e;426676;'Bee';1;
e;462143;'bubbles';777;
e;396626;'Grégory';1;
e;402141;'Oskar';1;
e;302488;'guilan';777;
e;567172;'felv';777;
e;403220;'instinctive';1;
e;404749;'tænia';1;
e;407333;'Oriental';1;
e;408980;'orientaux';1;
e;412155;'Smoke';1;
e;411015;'violons';1;
e;414799;'Instinct';1;
e;414806;'Stress';1;
e;412304;'Profelis';1;
e;417679;'instincts';1;
e;420826;'Minet';1;
e;420504;'Chatte';1;
e;429596;'Violon';1;
e;424816;'violin';1;
e;429643;'griffures';1;
e;429493;'Sybil';1;
e;432822;'Lagaffe';1;
e;567265;'cadavériques';1;
e;574841;'chauvesouris';777;
e;12164;'acrodonte';1;
e;120062;'pleurodonte';1;
e;464831;'echinococcose';1;
e;144590;'Carnivores';1;
e;119715;'glycémie';1;
e;402170;'Oeil';1;
e;597989;'SARM';1;
e;598094;'MRSA';777;
e;88467;'Mandarins';1;
e;1009719;'miaouss';777;
e;1009707;'Persian';1;
e;1171751;'chiroptera';777;
e;399771;'sibylline';1;
e;1467219;'Civette';1;
e;238361;'téléformation';1;
e;395898;'mobinaute';1;
e;275854;'R34';777;
e;141815;'Roux';1;
e;1654804;'longévif';1;
e;1730180;'UPI';777;
e;310355;'TDI';777;
e;1730179;'cyberaddiction';1;
e;72320;'bothriocéphale';1;
e;40428;'agouti';1;
e;1828050;'ASIP';1;
e;279284;'H302';777;
e;1838965;'microtie';1;
e;1841208;'perméthrine';1;
e;1846707;'tritanomalie';1;
e;1842370;'protanope';1;
e;1856353;'Bartonella';1;
e;28257;'Barton';1;
e;1856364;'bartonelloses';777;
e;1858348;'luminal';1;
e;73762;'lilas';1;
e;1858313;'lilac';1;
e;168244;'foussa';1;
e;120957;'diminutif';1;
e;1976745;'griffoir';777;
e;2128695;'assiègement';1;
e;92278;'amentifère';1;
e;402988;'vulpinus';1;
e;2262109;'ratatinage';1;
e;414348;'invasives';1;
e;143475;'Chiroptères';1;
e;2365557;'chantilly-tiffany';1;
e;166494;'envahissante';1;
e;276427;'H312';777;
e;2387397;'Sérengéti';1;
e;2382609;'minimessage';1;
e;2421758;'Lapoutroie';1;
e;2589167;'exotic';1;
e;2433601;'protanomalie';1;
e;2434740;'cyberdépendance';1;
e;2468154;'deutéranomalie';1;
e;2477312;'gentiléen';1;
e;2491357;'hippologue';1;
e;2582632;'mau';1;
e;2479555;'neurocognitif';1;
e;2936712;'Béé';777;
e;1821260;'choanal';1;
e;2936713;'Doudou';777;
e;2220774;'mandarins';2;
e;2952638;'féralisation';777;
e;2961653;'Sibylline';1;
e;66263;'olfaction';1;
e;2555716;'galéanthropie';1;
e;110902;'odorat';1;
e;2579217;'Mouk';1;
e;3298295;'Miaouss';1;
e;3298460;'Évoli';1;
e;3298461;'Aquali';1;
e;3298462;'Voltali';1;
e;3298463;'Pyroli';1;
e;3298486;'mentali';777;
e;3298487;'noctali';777;
e;3298488;'phyllali';777;
e;3307748;'éka-césium';777;
e;86071;'hermine';1;
e;2601307;'Poussy';1;
e;403297;'sont';1;
e;301853;'poursuit';777;
e;55267;'court';1;
e;32667;'produit';1;
e;3323281;'tipping';777;
e;267656;'NAC';1;
e;2590089;'shaded';1;
e;232247;'shell';666;
e;227100;'caméo';1;
e;2375695;'phosmet';1;
e;50099;'thésaurus';1;
e;3537583;'Népètes';777;
e;3339802;'pixiebob';777;
e;3684561;'Marsupialia';1;
e;3728565;'Absol';1;
e;412571;'Nepeta';1;
e;3728948;'Noctali';1;
e;3728903;'Mentali';1;
e;3728976;'Phyllali';1;
e;140419;'Cheshire';1;
e;1832054;'diéthylcarbamazine';1;
e;46365;'avatar';1;
e;59442;'tétanos';1;
e;3457064;'Agouti';1;
e;5622356;'Antennaria';1;
e;5713568;'gameranger';777;
e;107710;'stop';1;
e;5783021;'winmx';777;
e;5808876;'Téléchat';777;
e;5809090;'CGEF';777;
e;5809129;'chaminou';777;
e;2509616;'lolcat';1;
e;139831;'Héraclès';1;
e;5809345;'tabby';777;
e;5809330;'Khadzonzos';777;
e;72038;'javanais';1;
e;5809346;'particolore';777;
e;52862;'bicolore';1;
e;5809365;'chapalu';777;
e;22077;'ambre';1;
e;5809371;'x-color';777;
e;5782033;'trim';777;
e;5809464;'socks';777;
e;5809500;'Fatso';777;
e;35238;'patron';1;
e;95404;'solide';1;
e;32251;'blanche';1;
e;423867;'tricolores';1;
e;105776;'rousse';1;
e;402480;'Red';1;
e;5809690;'lavender';777;
e;2522740;'havana';1;
e;2608831;'silver';1;
e;5809702;'burmesepoint';777;
e;2914250;'Employés';777;
e;2584115;'smoke';1;
e;12876;'allergène';1;
e;5818175;'cheyletiellose';777;
e;5817893;'Cheyletidae';777;
e;5830333;'thiamylal';777;
e;405749;'Crex';1;
e;61085;'défécation';1;
e;5838499;'virbac';777;
e;5882471;'netaholisme';777;
e;417949;'Taenia';1;
e;414648;'Cardinalis';1;
e;103874;'filage';1;
e;18585;'Pinocchio';1;
e;152537;'recyclé';1;
e;230715;'bruns';1;
e;5953186;'DLFP';777;
e;166665;'Malcolm';1;
e;5984329;'Ayoun';777;
e;32516;'Max';1;
e;397627;'San';1;
e;5990802;'furby';777;
e;41100;'flexion';1;
e;250179;'Basil';1;
e;8571113;'Vulnérable';777;
e;5676687;'Trio';1;
e;1924479;'curl';1;
e;89850;'phénobarbital';1;
e;9627971;'Kal';1;
e;10057445;'Maetel';1;
e;404274;'Shah';1;
e;10195847;'Fauve';1;
e;5895745;'Iriomote';1;
e;2567755;'Montélier';1;
e;10602496;'michat-michien';777;
e;301100;'épisodes';777;
e;219374;'Columbo';1;
e;11007548;'opari';777;
e;5951228;'Sélection';1;
e;114890;'qui';1;
e;411314;'Programme';1;
e;11302159;'graminivore';777;
e;64815;'référendum';1;
e;11091329;'animal-totem';777;
e;11360901;'nekomimi';777;
e;11377792;'petplay';777;
e;10845594;'Bergamo';1;
e;9969243;'Chaminou';1;
e;313775;'FDR';1;
e;75317;'Akrotiri';1;
e;129977;'oreillons';1;
e;11695780;'altriciale';777;
e;82103;'EEE';1;
e;415622;'vairons';1;
e;51456;'pers';1;
e;57073;'européen';1;
e;11119023;'Trim';777;
e;120501;'mutant';1;
e;10460686;'Primus';777;
e;12736695;'lufénurone';777;
e;124619;'ais';1;
e;421138;'ait';1;
e;38700;'ions';1;
e;12863140;'iez';777;
e;662105;'TEG';1;
e;5538616;'Satsunan';1;
e;5538619;'Nansei';1;
e;5538636;'Nanp';1;
e;434551;'Mou';1;
e;117997;'Kirby';1;
e;13590993;'rapidshare';777;
e;2466759;'monogastrique';1;
e;289584;'Viperinae';777;
e;318566;'vipères';1;
e;2409434;'Freya';1;
e;2964872;'Diminutif';777;
e;14030615;'Berserkatt';777;
e;14047034;'chaffoux';777;
e;410189;'Dent';1;
e;87800;'virologie';1;
e;30472;'titres';1;
e;136284;'italique';1;
e;191712;'citations';1;
e;146823;'tableaux';1;
e;2544231;'hyphen';1;
e;2693;'bothriocéphalose';1;
e;10327302;'Celtic';1;
e;13855189;'Ahimsa';777;
e;143989;'timbre';1;
e;418673;'Sons';1;
e;405989;'Acoustique';1;
e;14485349;'microsmate';777;
e;14485350;'macrosmates';777;
e;429232;'Sortie';1;
e;2580748;'Titre';1;
e;14486582;'Scénariste';777;
e;71071;'hématoxyline';1;
e;431096;'Dessinateur';1;
e;2846651;'Bitume';1;
e;14540492;'Symptômes';777;
e;14539640;'ibylline';777;
e;14482831;'Pathogénicité';777;
e;175823;'Ornithorhynchus';1;
e;127840;'ornithorynque';1;
e;573278;'Prospective';1;
e;924645;'Verticale';1;
e;93932;'horizontale';1;
e;67665;'tragus';1;
e;49455;'physiologique';1;
e;14529217;'Eytukan';777;
e;64346;'achromatopsie';1;
e;14599089;'Deutéranopie';777;
e;14599090;'Deutéranomalie';777;
e;144039;'gat';1;
e;14602965;'quax';777;
e;14602966;'quak';777;
e;14602967;'kvák';777;
e;144414;'ombrage';1;
e;2100287;'recyclée';2;
e;428452;'adjectifs';1;
e;422016;'adverbes';1;
e;421412;'pronoms';1;
e;14612119;'Orthocoronavirinæ';777;
e;264068;'safari-photo';1;
e;265692;'coronavirus';1;
e;14462667;'Orthocoronavirinae';777;
e;1855688;'CoV';1;
e;14779134;'alphacoronavirus';777;
e;14779135;'Gammacoronavirus';777;
e;11839673;'Betacoronavirus';777;
e;2575380;'Gratte';1;
e;3295895;'aquaponie';1;
e;142672;'Hermine';1;
e;31900;'récompense';1;
e;15786934;'Amygdala';777;
e;18746;'rien';1;
e;10789222;'OFC';1;
e;15786935;'Striatum';777;
e;91814;'anglicisme';1;
e;93245;'gracieux';1;
e;15786933;'hotspots';777;
