e;2680;'sang';1;
e;2689;'rate';1;
e;4189;'serré';1;
e;4407;'omnivore';1;
e;4455;'chien';1;
e;7100;'biquet';1;
e;7596;'agent';1;
e;7705;'chienne';1;
e;8208;'raton';1;
e;8924;'psychologie';1;
e;8990;'patte';1;
e;12107;'danseuse';1;
e;13907;'radin';1;
e;14864;'tapette';1;
e;15210;'villes';1;
e;16033;'cuisine';1;
e;16110;'bouche';1;
e;17023;'cage';1;
e;17559;'animal';1;
e;18331;'mesquin';1;
e;19133;'élever';1;
e;19356;'sexe';1;
e;20534;'ressort';1;
e;26363;'bras';1;
e;26431;'racle-denier';1;
e;27059;'dégât';1;
e;29038;'névraxe';1;
e;32851;'mammifères';1;
e;34898;'pied';1;
e;35143;'biologie';1;
e;36886;'faune';1;
e;40158;'liardeur';1;
e;40368;'mulot';1;
e;42220;'malfaçon';1;
e;44335;'organe';1;
e;45203;'xérus';1;
e;45635;'rein';1;
e;45738;'vibrisse';1;
e;45794;'Molière';1;
e;49989;'champs';1;
e;50762;'pingre';1;
e;50889;'gris';1;
e;51419;'défaut';1;
e;51975;'Souris';1;
e;52119;'langue';1;
e;54001;'ondatra';1;
e;54794;'eucaryote';1;
e;55823;'métazoaire';1;
e;56280;'oreille';1;
e;59651;'harpagon';1;
e;59933;'musaraigne';1;
e;61490;'femme';1;
e;63235;'mammifère';1;
e;64238;'noir';1;
e;65577;'lésineur';1;
e;67946;'peste';1;
e;68439;'individu';1;
e;68887;'élève';1;
e;69280;'hamster';1;
e;69835;'grigou';1;
e;71115;'rongeur';1;
e;71539;'animaux';1;
e;71864;'museau';1;
e;72124;'ratatouille';1;
e;63309;'rat';1;
e;73431;'étroitesse';1;
e;74558;'os';1;
e;75069;'incisive';1;
e;75123;'rapiat';1;
e;76046;'oreilles';1;
e;76617;'racaille';1;
e;76870;'raticide';1;
e;77389;'avarice';1;
e;81934;'main';1;
e;82766;'chiche';1;
e;83035;'nuisible';1;
e;83048;'serrurerie';1;
e;84897;'laboratoire';1;
e;86640;'vertébré';1;
e;87285;'cupide';1;
e;87789;'coelomate';1;
e;87814;'rat-taupe';1;
e;88096;'gros';1;
e;91657;'nutrition';1;
e;91794;'tétrapode';1;
e;93025;'lérot';1;
e;94816;'arvicole';1;
e;95256;'queue';1;
e;95422;'cou';1;
e;95935;'rage';1;
e;96095;'pince-maille';1;
e;99645;'cobaye';1;
e;100041;'ratte';1;
e;101018;'gnathostome';1;
e;101938;'estomac';1;
e;102388;'ballerine';1;
e;102408;'ragondin';1;
e;104756;'cave';1;
e;107477;'nez';1;
e;107651;'thésauriseur';1;
e;108420;'surmulot';1;
e;110773;'amniote';1;
e;150;'chat';1;
e;112875;'pingrerie';1;
e;113453;'radinerie';1;
e;113902;'alimentation';1;
e;115155;'foie';1;
e;115304;'deutérostomien';1;
e;115352;'griffe';1;
e;115865;'trou';1;
e;116032;'félin';1;
e;116477;'personne';1;
e;116707;'égout';1;
e;117095;'zoologie';1;
e;117789;'moustache';1;
e;118414;'poubelle';1;
e;118539;'poils';1;
e;119037;'ladre';1;
e;119154;'pisse-vinaigre';1;
e;123408;'vol';1;
e;125440;'avaricieux';1;
e;126273;'fesse-mathieu';1;
e;129181;'campagnol';1;
e;130400;'maladie';1;
e;131704;'égouts';1;
e;134196;'pulluler';1;
e;136786;'ville';1;
e;138092;'pelage';1;
e;138801;'rongeurs';1;
e;140715;'jambes';1;
e;141687;'fromage';1;
e;142086;'jambe';1;
e;142602;'cordé';1;
e;142623;'classe';1;
e;142663;'sale';1;
e;142832;'souris';1;
e;143669;'vertébrés';1;
e;143741;'piège';1;
e;143929;'égoïste';1;
e;143935;'avare';1;
e;144916;'argent';1;
e;145605;'danse';1;
e;145953;'visage';1;
e;146217;'castor';1;
e;147184;'dents';1;
e;148387;'griffes';1;
e;149223;'moustaches';1;
e;149237;'muridé';1;
e;149242;'muscles';1;
e;149413;'organes';1;
e;152125;'Zoologie';1;
e;155377;'incisives';1;
e;156958;'ratas';1;
e;157283;'lieu>134218';1;264;'lieu>endroit'
e;163171;'rats';1;
e;175925;'Rat';1;
e;213377;'souris>71115';1;136;'souris>rongeur'
e;213466;'chat>63235';1;632;'chat>mammifère'
e;214825;'ratte>63309';1;50;'ratte>rat'
e;215297;'ballerine>12107';1;52;'ballerine>danseuse'
e;216283;'dent>45311';1;272;'dent>dentaire'
e;217437;'cobaye>217436';1;50;'cobaye>sujet d'
e;219597;'museau>17559';1;8;'museau>animal'
e;220013;'femme>4333487';1;754;'femme>être humain de sexe féminin'
e;221019;'bouche>112609';1;206;'bouche>anatomie'
e;223038;'ratons';1;
e;223293;'chiche>13907';1;72;'chiche>radin'
e;225770;'organe>112609';1;84;'organe>anatomie'
e;225847;'organisme>71624';1;92;'organisme>être vivant'
e;225916;'personne>24956';1;700;'personne>être humain'
e;226256;'économe>143935';1;60;'économe>avare'
e;228289;'sexe>218086';1;266;'sexe>organe sexuel'
e;230134;'dégat';666;
e;231090;'raton>63309';1;22;'raton>rat'
e;233133;'animal>117095';1;810;'animal>zoologie'
e;233619;'rate>63309';1;50;'rate>rat'
e;236940;'estomac>112609';1;104;'estomac>anatomie'
e;237445;'être>68439';1;32;'être>individu'
e;237765;'patte>141795';1;56;'patte>membre'
e;241859;'oreille>44335';1;94;'oreille>organe'
e;241862;'oreille>117095';1;50;'oreille>zoologie'
e;245284;'ressort>216183';1;54;'ressort>pièce mécanique'
e;245893;'moustache>117095';1;10;'moustache>zoologie'
e;245894;'moustache>118539';1;20;'moustache>poils'
e;248081;'chordé';1;
e;252034;'défaut>98589';1;12;'défaut>imperfection'
e;264880;'bilatérien';1;
e;264881;'crânié';1;
e;264908;'eumétazoaire';1;
e;265220;'épineurien';1;
e;265277;'crâniate';1;
e;265839;'synapside';1;
e;265857;'rongeur>117095';1;28;'rongeur>zoologie'
e;317929;'olfactorien';1;
e;325728;'uniconte';1;
e;325731;'opisthoconte';1;
e;325736;'holozoaire';1;
e;325738;'filozoaire';1;
e;325741;'choanobionte';1;
e;329657;'choano-organisme';1;
e;330964;'cordé>117095';1;36;'cordé>zoologie'
e;391009;'célomate';1;
e;391010;'coelomé';1;
e;396042;'tétrapode>86640';1;50;'tétrapode>vertébré'
e;396149;'cynodonte';1;
e;396247;'individu>24956';1;124;'individu>être humain'
e;415428;'rattus';1;
e;436454;'SNC';1;
e;438159;'danseuse>145605';1;56;'danseuse>danse'
e;441082;'rongeur>171870';1;50;
e;441083;'rongeur>171869';1;50;
e;574891;'lésineur>171870';1;50;
e;574892;'lésineur>171869';1;50;
e;578922;'rapiat>171870';1;0;
e;578923;'rapiat>171869';1;0;
e;590107;'ladre>171870';1;0;
e;590108;'ladre>171869';1;0;
e;590546;'pingre>171870';1;0;
e;590547;'pingre>171869';1;0;
e;591666;'radin>171870';1;0;
e;591667;'radin>171869';1;0;
e;593720;'avaricieux>171870';1;0;
e;593721;'avaricieux>171869';1;0;
e;596486;'chienne>171870';1;0;
e;596487;'chienne>171869';1;0;
e;597784;'avare>171870';1;0;
e;597785;'avare>171869';1;0;
e;673222;'chiche>171870';1;0;
e;673224;'chiche>171869';1;0;
e;1632793;'souris>171870';1;0;
e;1632794;'souris>171869';1;0;
e;1643976;'grippe-sous';1;
e;1874700;'rodentien';1;
e;3352581;'arvicole>171870';1;0;
e;3352582;'arvicole>171869';1;0;
e;213588;'rat>13907';1;74;'rat>radin'
e;213940;'rat>71115';1;166;'rat>rongeur'
e;229005;'rat>145605';1;2;'rat>danse'
e;4341752;'rat>83048';1;0;'rat>serrurerie'
e;4341753;'rat>76617';1;0;'rat>racaille'
e;4341755;'rat>4341754';1;0;'rat>agent des services fiscaux'
e;11221054;'rat>2549918';1;2;'rat>zodiaque chinois'
e;1746584;'rat>171870';1;0;
e;1746585;'rat>171869';1;0;
e;175720;'Mammalia';1;
e;1636973;'rodentia';777;
e;13369;'être';1;
e;58768;'organisme';1;
e;60448;'mâle';1;
e;135190;'lieu';1;
e;157007;'être>146885';1;50;
e;157284;'lieu>68467';1;58;'lieu>poisson'
e;217435;'cobaye>17559';1;12;'cobaye>animal'
e;221983;'homme>24956';1;214;'homme>être humain'
e;396146;'thérapside';1;
e;2395661;'ragouiller';1;
e;2502665;'otomys';1;
e;2511628;'ronge-maille';1;
e;3224871;'ragouiller>213596';1;0;'ragouiller>rat d'
e;3313264;'Neotoma';1;
e;4311622;'Tympanoctomys';777;
e;5971071;'Cannomys';777;
e;6767;'musculaire';1;
e;16747;'adn';1;
e;32735;'poumons';1;
e;34503;'pénis';1;
e;39031;'cerveau';1;
e;50869;'seins';1;
e;51126;'cheveux';1;
e;60902;'dent';1;
e;74846;'corps';1;
e;77008;'yeux';1;
e;77424;'oeil';1;
e;77727;'gueule';1;
e;83944;'nerf';1;
e;94431;'neck';1;
e;96211;'coeur';1;
e;103008;'vagin';1;
e;108463;'ventre';1;
e;109785;'peau';1;
e;116980;'squelette';1;
e;126285;'dos';1;
e;126388;'articulation';1;
e;135591;'poil';1;
e;139578;'muscle';1;
e;139779;'ADN';1;
e;141814;'vertèbre';1;
e;144846;'tête';1;
e;151867;'pattes';1;
e;155383;'penis';1;
e;213644;'os>116980';1;392;'os>squelette'
e;213792;'coeur>213791';1;174;'coeur>organe musculaire'
e;213977;'bassin>112609';1;18;'bassin>anatomie'
e;214602;'queue>214624';1;74;'queue>queue d'
e;219363;'corps>112609';1;180;'corps>anatomie'
e;221034;'bras>112609';1;170;'bras>anatomie'
e;225934;'oeil>330323';1;200;'oeil>organe de la vue'
e;233138;'tête>390963';1;70;'tête>extrémité supérieure du corps'
e;240720;'squelette>112609';1;148;'squelette>anatomie'
e;241352;'ventre>112609';1;94;'ventre>anatomie'
e;390927;'tête>112609';1;72;'tête>anatomie'
e;1636805;'oeil>44335';1;50;'oeil>organe'
e;5984733;'teeth';777;
e;11405719;'heart';1;
e;140300;'Muridés';1;
e;2945;'rat-kangourou';1;
e;175333;'chien-rat';1;
e;220756;'rat-garou';1;
e;277351;'kangourou-rat';777;
e;2449798;'rat-bayard';1;
e;2460229;'rat-baillet';1;
e;2491806;'rat-trompette';1;
e;3230764;'rat-mulot';1;
e;4311620;'rat-viscache';1;
e;5978913;'rat-lièvre';1;
e;14654798;'rat-chinchilla';1;
e;5814;'animalerie';1;
e;45179;'maison';1;
e;50356;'partout';1;
e;79444;'campagne';1;
e;95605;'champ';1;
e;107723;'cachot';1;
e;120416;'grenier';1;
e;220674;'cave>109908';1;54;
e;1384;'vivant';1;
e;14189;'brun';1;
e;15196;'blanc';1;
e;29744;'moustachu';1;
e;30137;'fouisseur';1;
e;48855;'carnivore';1;
e;52413;'carnassier';1;
e;55222;'petit';1;
e;82844;'comestible';1;
e;99220;'hétérotrophe';1;
e;105621;'vivipare';1;
e;107689;'poilu';1;
e;120075;'associé';1;
e;122864;'mort';1;
e;133424;'endotherme';1;
e;141168;'domestique';1;
e;145709;'crevé';1;
e;223753;'crevé>122864';1;54;'crevé>mort'
e;596194;'crevé>171869';1;0;
e;2324838;'crevé>161702';1;0;
e;2951286;'sale>71803';1;48;'sale>malpropre'
e;137333;'tigre';1;
e;229004;'tigre>12107';1;50;'tigre>danseuse'
e;56492;'souriceau';1;
e;163473;'ratounet';1;
e;165161;'souricette';1;
e;1624;'ratonner';1;
e;2449;'opéra';1;
e;39801;'ratier';1;
e;69126;'dératisation';1;
e;87127;'ratonnade';1;
e;114262;'ratière';1;
e;129419;'dératiser';1;
e;155782;'dératiseur';1;
e;223032;'dératisé';1;
e;223039;'rates';1;
e;21110;'reste';1;
e;2442;'vivre';1;
e;4653;'courir';1;
e;16964;'marcher';1;
e;30822;'danser';1;
e;38723;'grignoter';1;
e;43253;'dormir';1;
e;47918;'boire';1;
e;64513;'mordre';1;
e;68979;'ronger';1;
e;103597;'proliférer';1;
e;105814;'regarder';1;
e;124600;'mourir';1;
e;130164;'manger';1;
e;140318;'parler';1;
e;239950;'mordre>135544';1;72;'mordre>morsure'
e;251694;'mourir>126720';1;230;'mourir>cesser de vivre'
e;259820;'vivre>160251';1;72;'vivre>être en vie'
e;6681658;'manger>113902';1;122;'manger>alimentation'
e;1633;'apercevoir';1;
e;13368;'déloger';1;
e;21149;'dévorer';1;
e;24646;'attraper';1;
e;41158;'inspirer';1;
e;78768;'chasser';1;
e;97571;'consommer';1;
e;227965;'peste>130400';1;64;'peste>maladie'
e;626;'peur';1;
e;4552;'inquiétude';1;
e;17927;'haine';1;
e;20202;'tristesse';1;
e;22264;'colère';1;
e;23114;'anxiété';1;
e;29859;'mal-être';1;
e;35833;'répulsion';1;
e;37298;'amour';1;
e;37731;'injustice';1;
e;49337;'crainte';1;
e;60835;'terreur';1;
e;66113;'rejet';1;
e;71102;'désintérêt';1;
e;82489;'frustration';1;
e;90830;'dégoût';1;
e;103405;'indifférence';1;
e;103981;'raillerie';1;
e;112284;'refus';1;
e;113946;'crispation';1;
e;118744;'énervement';1;
e;120892;'méfiance';1;
e;138624;'gêne';1;
e;144681;'angoisse';1;
e;215965;'dégoût>35833';1;98;'dégoût>répulsion'
e;241955;'hauteur>123598';1;84;'hauteur>arrogance'
e;77275;'sodoku';1;
e;187792;'garde-rats';1;
e;28291;'voisin';1;
e;29965;'raz';1;
e;68834;'ras';1;
e;12665968;'cd79eabd7ef326e9853c817cd4817410';200;
e;12683004;'f6f716ae5092fa956c07686d217e0cb7';200;
e;12693855;'ed2c0ed891db0912839d14fedc7aaf19';200;
e;12721542;'db444a4b22ada761deaac933c787a871';200;
e;12728713;'e62ba1f09c65993aa969e3f19687cc85';200;
e;12728809;'a8c89be011ab3fea34ebe74955e529b8';200;
e;12730083;'cdf4536038224bdb9a55a28c54f74443';200;
e;12736891;'d87bffc16397253cbd66b4519f067554';200;
e;12771600;'dfd9bcee891862bfeae6afe01e6c927b';200;
e;12772622;'a40f8986e65f9f5c7c5b49d09d8d224f';200;
e;12862579;'cdf9e55f9a4e4f7ab3298d9d28e9d854';200;
e;12987045;'dbef5373d36489c890f42b9ce566813d';200;
e;12994289;'d7bbd2ae3d5e8857c5f88f3c9176974d';200;
e;13169039;'e17250dc6d9ec759d44d4029bf2b6227';200;
e;13315609;'eaeb4d7bbcd3795427ae82f2caf8f3d7';200;
e;13446646;'c5d8280221ad60d4de0ea05a7bc99187';200;
e;13589611;'b23b3036683c3edbfe6edb5942381fd3';200;
e;13627889;'b57752e0ab0264d2ed72a6e6207134e4';200;
e;13642293;'e9b49b27e18662698b60e3f0b9de5362';200;
e;13645371;'b2d880dbb548842c367df0a34f1721a5';200;
e;13665579;'d1ec937de8937013bc0151ed9923770d';200;
e;13884729;'af2fee9f929f681453ccaa95e59f9715';200;
e;14013665;'bf7d9c2dac417038aaca0570407d7fc0';200;
e;14119795;'c6964928a6877ee2105c2d7db7dd755a';200;
e;14319019;'c9d820e91ea7ca56936a79122f99b085';200;
e;14334034;'f2650883ef39a3f86a3183fd0fe2a5ad';200;
e;14756763;'d2e7fee2c85841667fbe8105ec7a9f64';200;
e;14766287;'c985846db91eefd43f700686c044187f';200;
e;15166647;'f2a9baae710905596ec4e43a35101f10';200;
e;15467120;'e693cf921eefa74d135a26ac8d89e1b9';200;
e;15467121;'a773a5120197b590563583e725eb5855';200;
e;7167;'aphérèse';1;
e;10369;'albinos';1;
e;11467;'américain';1;
e;12502;'écrivain';1;
e;12576;'Galère';1;
e;19061;'bactéries';1;
e;20981;'UICN';1;
e;21894;'romancier';1;
e;22722;'Tanzanie';1;
e;24251;'Diderot';1;
e;25385;'Danse';1;
e;27279;'analogie';1;
e;27775;'zodiaque';1;
e;30609;'Occident';1;
e;31388;'États-Unis';1;
e;31852;'invasif';1;
e;36043;'horreur';1;
e;38710;'littérature';1;
e;42313;'Asie';1;
e;45691;'Linné';1;
e;46870;'symbolique';1;
e;47248;'sous-famille';1;
e;48744;'Syrie';1;
e;49065;'Dragon';1;
e;49881;'néerlandais';1;
e;51593;'Famine';1;
e;52169;'Folklore';1;
e;55856;'muridés';1;
e;57933;'guerre';1;
e;59402;'chinois';1;
e;61061;'Égypte';1;
e;63979;'Rajasthan';1;
e;72540;'grippe-sou';1;
e;10910;'ratisser';1;
e;65149;'virus';1;
e;65586;'espagnol';1;
e;70892;'manga';1;
e;71875;'Orient';1;
e;74765;'Extrême-Orient';1;
e;74860;'homme';1;
e;76271;'Cheval';1;
e;76804;'Mouton';1;
e;77735;'Europe';1;
e;77744;'argot';1;
e;79993;'anglais';1;
e;80390;'pinyin';1;
e;82744;'gueux';1;
e;86348;'celte';1;
e;86400;'Larousse';1;
e;87509;'Mozambique';1;
e;87987;'France';1;
e;90409;'Contes';1;
e;93502;'onomatopée';1;
e;98300;'famille';1;
e;101486;'étymologie';1;
e;103658;'italien';1;
e;105028;'Angleterre';1;
e;105503;'allemand';1;
e;112576;'genre';1;
e;119419;'écologique';1;
e;119971;'hindouisme';1;
e;121378;'leptospirose';1;
e;122178;'portugais';1;
e;123832;'folklorique';1;
e;135191;'Venise';1;
e;135538;'espèces';1;
e;137391;'Afrique';1;
e;138505;'Chien';1;
e;138879;'Inde';1;
e;139151;'Tigre';1;
e;142789;'famine';1;
e;143261;'Peste';1;
e;143334;'Mammifères';1;
e;143853;'Famille';1;
e;143945;'Homme';1;
e;144657;'Symbolique';1;
e;144703;'Gueux';1;
e;144901;'Lièvre';1;
e;146396;'Japon';1;
e;146553;'Londres';1;
e;148239;'galères';1;
e;151484;'Manga';1;
e;151578;'Italien';1;
e;152184;'Littérature';1;
e;152453;'contes';1;
e;152685;'Animal';1;
e;152745;'Guerre';1;
e;152802;'chats';1;
e;154682;'Astrologie';1;
e;155720;'fables';1;
e;161398;'Portugais';1;
e;172932;'Allemand';1;
e;172944;'Anglais';1;
e;173285;'Néerlandais';1;
e;175314;'Chat';1;
e;175773;'Muridae';1;
e;212776;'Lapin';666;
e;223799;'Ratatouille';666;
e;226682;'Willard';1;
e;272360;'Espèce';777;
e;272716;'Genre';777;
e;275203;'CNRTL';1;
e;320893;'Virus';1;
e;403476;'tropicaux';1;
e;403701;'Écologie';1;
e;404986;'Serpent';1;
e;405381;'Coq';1;
e;405532;'Archipel';1;
e;408281;'Argot';1;
e;409975;'Porc';1;
e;413804;'écosystèmes';1;
e;421698;'omnivores';1;
e;424977;'Zodiaque';1;
e;425426;'romantiques';1;
e;426791;'Tropique';1;
e;427762;'Arvicola';1;
e;429736;'Analogie';1;
e;431266;'Singe';1;
e;432882;'Mus';1;
e;464826;'opportunistes';1;
e;665503;'Myomorpha';777;
e;709699;'Hystricognathi';777;
e;1655968;'Murinae';777;
e;1843241;'Rattus';1;
e;1845315;'streptobacillose';1;
e;1990399;'archipels';2;
e;2084010;'taxons';2;
e;2383506;'Espagnol';1;
e;2481996;'Celte';1;
e;2501029;'Buffle';1;
e;2585982;'Microtus';1;
e;3176771;'Sous-famille';1;
e;3304893;'Cricetidae';777;
e;3304944;'Étymologie';777;
e;3396801;'Campagnol';1;
e;3596796;'Rodentia';1;
e;5680079;'Abrocomidae';777;
e;5680352;'Rat-chinchilla';1;
e;5870796;'Cricétidés';1;
e;5874809;'Spalacinae';1;
e;5968609;'Otomyinae';777;
e;5970361;'Cricetomys';777;
e;5970364;'Nesomyinae';777;
e;5970369;'Rhizomyinae';777;
e;5970374;'Sigmodontinae';777;
e;5970925;'Echimys';777;
e;6283948;'Taxon';1;
e;9161119;'Romantisme';1;
e;11994615;'Wuxing';1;
e;213375;'souris>106182';1;24;'souris>gigot'
e;213376;'souris>104993';1;56;'souris>informatique'
e;214824;'ratte>132757';1;6;'ratte>pomme de terre'
e;223751;'crevé>116836';1;6;'crevé>perforé'
e;223752;'crevé>83454';1;72;'crevé>fatigué'
e;223754;'crevé>92378';1;50;'crevé>habillement'
e;224361;'souris>95245';1;10;'souris>fille'
e;225846;'organisme>332175';1;54;'organisme>ensemble des organes'
e;225848;'organisme>118203';1;52;'organisme>corps humain'
e;225849;'organisme>86627';1;50;'organisme>organisation'
e;227966;'peste>109045';1;54;'peste>chipie'
e;227967;'peste>15297';1;52;'peste>corruption'
e;231091;'raton>42719';1;4;'raton>arabe'
e;233620;'rate>44335';1;24;'rate>organe'
e;237441;'être>85728';1;10;'être>exister'
e;237443;'être>37229';1;66;'être>se trouver'
e;237444;'être>94160';1;58;'être>existence'
e;265858;'rongeur>33989';1;50;'rongeur>corrodant'
e;265859;'rongeur>265856';1;50;'rongeur>qui mine le moral'
e;317313;'souris>40056';1;52;'souris>couleur'
e;330963;'cordé>3674';1;50;'cordé>botanique'
e;2952963;'souris>2952962';1;0;'souris>naseau des chevaux'
e;2952964;'souris>213452';1;0;'souris>terme d'
e;2952965;'souris>18285';1;0;'souris>papillon'
e;3147098;'raton>71439';1;0;'raton>tartelette'
e;4317366;'souris>83091';1;0;'souris>sourire'
e;5886418;'souris>68467';1;0;'souris>poisson'
e;10115;'mammaire';1;
e;12398;'Gourou';1;
e;11208;'salmonellose';1;
e;13884;'Lovecraft';1;
e;146504;'pénalty';1;
e;1500;'portage';1;
e;80808;'ablation';1;
e;236557;'Belette';666;
e;7045;'propagateur';1;
e;14854;'skate';1;
e;15114;'hurricane';1;
e;16035868;'pitymys';1;
e;20767;'murin';1;
e;54835;'zyzomys';1;
e;1854151;'vagina';1;
e;1395235;'être>171870';1;0;
e;61957;'goliath';1;
e;69840;'fourmi';1;
e;57809;'labyrinthe';1;
e;2262275;'rattes';2;
e;3305571;'gaspard>63309';1;0;'gaspard>rat'
e;11553464;'muscardin>116477';1;0;'muscardin>personne'
e;1655596;'gaspard';1;
e;2560195;'ratodrome';1;
e;229780;'sciuridé';1;
e;175772;'mulotage';1;
e;5137672;'fourmi>11219769';1;0;'fourmi>personne économe'
e;5451819;'radin>143935';1;18;'radin>avare'
e;5451822;'radin>144916';1;0;'radin>argent'
e;14654780;'musophobie';1;
e;250953;'radinisme';1;
e;107601;'muscardin';1;
e;57061;'muscadin';1;
e;42037;'yapok';1;
e;2432340;'yapock';1;
e;70672;'râtelée';1;
e;125530;'souricière';1;
e;168301;'siciste';1;
e;155139;'lerot';1;
e;90864;'tutu';1;
e;115879;'ballet';1;
e;153035;'labo';1;
e;250561;'Queudver';1;
e;1655694;'muriné';1;
e;134119;'généreux';1;
e;148104;'eye';1;
e;214600;'queue>140786';1;66;'queue>file'
e;214598;'queue>36811';1;50;'queue>billard'
e;214604;'queue>233174';1;52;'queue>partie postérieure'
e;2198794;'exècre';2;
e;53727;'basse-cour';1;
e;175325;'chéiroptère';1;
e;59638;'hippocampe';1;
e;272182;'affective';777;
e;272183;'motivationnelle';777;
e;59332;'cognitive';1;
e;60568;'anticorps';1;
e;85011;'sorcier';1;
e;108626;'sorcière';1;
e;47200;'serval';1;
e;1798;'clonage';1;
e;62819;'mucus';1;
e;62803;'chiroptères';1;
e;77750;'chauves-souris';1;
e;275349;'mammifere';777;
e;83214;'ocytocine';1;
e;4232;'oxytocine';1;
e;116675;'chiroptère';1;
e;278555;'Aphaniptera';777;
e;9182;'puces';1;
e;139242;'siphonaptères';1;
e;2262109;'ratatinage';1;
e;276324;'Numéro';777;
e;70685;'trichinose';1;
e;180254;'trichinellose';1;
e;151897;'sphynx';1;
e;116251;'dissection';1;
e;87546;'Gaspard';1;
e;107252;'anthropomorphisme';1;
e;61062;'anthropomorphique';1;
e;12912;'ocytocique';1;
e;32036;'toxicologie';1;
e;267582;'micromammifères';1;
e;266050;'micromammifère';1;
e;51393;'margay';1;
e;126068;'chat-tigre';1;
e;47221;'stégosaures';1;
e;45405;'stégosaure';1;
e;272188;'Symboles';777;
e;275855;'R37';777;
e;275039;'R41';777;
e;284462;'R43';777;
e;128367;'hoquet';1;
e;66668;'sagittal';1;
e;168126;'strigops';1;
e;289564;'Strigopinae';777;
e;49807;'mélatonine';1;
e;113178;'daltonisme';1;
e;49404;'toxicologue';1;
e;168068;'perroquet-hibou';1;
e;57383;'chicaneur';1;
e;113704;'carvone';1;
e;100421;'deutéranopie';1;
e;16042;'kakapo';1;
e;18919;'commensalisme';1;
e;36802;'cyclamate';1;
e;39917;'daltonien';1;
e;54686;'Aconcagua';1;
e;76638;'autoradiographie';1;
e;78500;'coronal';1;
e;82622;'javellisation';1;
e;87908;'anthropomorphe';1;
e;94990;'chauve-souris';1;
e;105744;'médial';1;
e;105912;'toxicologique';1;
e;109976;'racoon';1;
e;113016;'caracal';1;
e;113005;'toxique';1;
e;152822;'moldu';1;
e;119088;'dyschromatopsie';1;
e;120611;'tritanopie';1;
e;126755;'deutéranope';1;
e;128041;'bromhidrose';1;
e;163623;'préfrontal';1;
e;135184;'sansonnet';1;
e;305849;'H317';777;
e;276430;'H373';777;
e;294546;'H410';777;
e;176646;'atrazine';1;
e;174930;'commensaux';1;
e;178670;'protanopie';1;
e;237259;'fourchelangue';1;
e;180566;'stégosaurus';1;
e;261398;'siphonaptère';1;
e;234203;'Animagus';1;
e;231185;'Mangemort';1;
e;231673;'fourchelang';666;
e;236359;'ipsilatéral';1;
e;237755;'commensale';1;
e;231187;'patronus';1;
e;412415;'Strigops';1;
e;392046;'angiostrongylose';1;
e;390742;'mammalofaune';1;
e;390744;'mammofaune';1;
e;398763;'toxiques';1;
e;403105;'Balantidium';1;
e;405923;'musaraignes';1;
e;461273;'phytomélatonine';777;
e;58918;'aphaniptères';1;
e;574841;'chauvesouris';777;
e;402655;'Souci';1;
e;583414;'rakoun';777;
e;42178;'albinisme';1;
e;94462;'aphaniptère';1;
e;125181;'malfaisant';1;
e;57037;'ravageur';1;
e;36544;'vermine';1;
e;399771;'sibylline';1;
e;1171751;'chiroptera';777;
e;42142;'distal';1;
e;593513;'Leptailurus';1;
e;16978;'vocabulaire';1;
e;70631;'éjaculation';1;
e;138088;'Marquis';1;
e;1382558;'CA1';1;
e;1755532;'ivermectine';1;
e;1829285;'CA2';1;
e;22615;'macrophages';1;
e;1842370;'protanope';1;
e;1846707;'tritanomalie';1;
e;1867937;'Ovidie';1;
e;296503;'distalité';777;
e;8571113;'Vulnérable';777;
e;414348;'invasives';1;
e;143475;'Chiroptères';1;
e;2358803;'P273';777;
e;276426;'H301';777;
e;294544;'H351';777;
e;276427;'H312';777;
e;166494;'envahissante';1;
e;293781;'H300';777;
e;2366195;'H310';777;
e;2375327;'atropoisomère';777;
e;2375325;'atropisomère';1;
e;279284;'H302';777;
e;2400029;'méthoprène';1;
e;2433601;'protanomalie';1;
e;267656;'NAC';1;
e;2468154;'deutéranomalie';1;
e;2608485;'folpet';777;
e;2468804;'folpel';1;
e;2514418;'Ratopolis';1;
e;426165;'Chen';1;
e;2925118;'Ca2';777;
e;59555;'souci';1;
e;2948532;'Siphonaptera';777;
e;2961653;'Sibylline';1;
e;3158955;'anti-corps';1;
e;3224065;'Chicaneau';1;
e;3298254;'Rattata';1;
e;3298255;'rattatac';777;
e;3298256;'Rattatac';1;
e;2375695;'phosmet';1;
e;2366193;'phorate';1;
e;2358801;'dichlorodiphényldichloroéthane';1;
e;3396928;'Musaraigne';1;
e;141406;'lime';1;
e;143098;'râpe';1;
e;59442;'tétanos';1;
e;5705207;'dvaita';777;
e;5816805;'stegosaurus';777;
e;3840078;'oleuropéine';1;
e;5830752;'télenzépine';777;
e;90804;'déprédateur';1;
e;3263801;'genecards';777;
e;3263802;'HUGO';777;
e;151069;'trap';1;
e;5917741;'TRAPase';777;
e;5917743;'ACP5';777;
e;300075;'Micromys';777;
e;5968981;'Srilankamys';777;
e;4332266;'Muscardin';1;
e;5971371;'Castorimorpha';777;
e;6067955;'pinacolone';777;
e;119846;'Ag';1;
e;4801;'Ac';1;
e;3808;'antigène';1;
e;148754;'javel';1;
e;79064;'Coralie';1;
e;22885;'culture';1;
e;5631792;'A-25';777;
e;5631791;'A25';777;
e;5561394;'LNH';777;
e;10879568;'tellos';777;
e;160786;'personnages';1;
e;9760462;'Stegosaurus';777;
e;11304107;'Balafi';777;
e;11304109;'Balloum';777;
e;11324958;'Tachyglossus';777;
e;176184;'super-famille';1;
e;5558581;'Sudoku';1;
e;296686;'Mygalomorphae';777;
e;114581;'mygales';1;
e;204818;'orthognathes';1;
e;82103;'EEE';1;
e;32943;'grésil';1;
e;115364;'groisil';1;
e;70236;'calcin';1;
e;2882;'knock-out';1;
e;25080;'transcription';1;
e;410356;'Traduction';1;
e;2077141;'sacres';2;
e;116457;'québécois';1;
e;29028;'pitbull';1;
e;3684561;'Marsupialia';1;
e;14436;'marsupiaux';1;
e;6057;'nuisibilité';1;
e;2538241;'Serval';1;
e;2926724;'Sphynx';777;
e;2478474;'APBT';1;
e;408421;'Carte';1;
e;435930;'Attention';1;
e;5953544;'Anthracite';1;
e;2956275;'Artus';1;
e;228808;'Renart';1;
e;135981;'Ysengrin';1;
e;14539640;'ibylline';777;
e;64346;'achromatopsie';1;
e;14599089;'Deutéranopie';777;
e;14599090;'Deutéranomalie';777;
e;2564620;'bromidrose';1;
e;13785677;'osmidrose';1;
e;14653292;'ozochrotie';777;
e;14779134;'alphacoronavirus';777;
e;265692;'coronavirus';1;
e;14779211;'Alpha-CoV';777;
e;15667922;'Robotick';777;
e;15696280;'dlPFC';777;
e;12261;'latéral';1;
e;2573114;'orbitofrontal';1;
e;64812;'Abyss';1;
e;31900;'récompense';1;
e;15786933;'hotspots';777;
e;15786934;'Amygdala';777;
e;10789222;'OFC';1;
e;15786935;'Striatum';777;
e;15473431;'Crânial';777;
e;79027;'caudal';1;
e;1801986;'Antérieur';1;
e;1801987;'Postérieur';1;
e;11081787;'Robotik';777;
e;1840562;'ototoxicité';1;
e;121678;'route';1;
e;563;'grille';1;
e;40378;'paria';1;
e;271655;'répugnante';1;
e;86594;'splendide';1;
e;2043300;'gisait';2;
e;2373959;'paraquat';1;
e;16155306;'gramoxone';777;
e;2396644;'TCDD';1;
e;92748;'pester';1;
e;67733;'pestilence';1;
